BranchCode,STORE_NAME_CUST,STORE_ID,STORE_NAME,PROVINCE,STORE_TYPE,REGION
GH-114,สาขาหนองคาย สาขาที่  00011,S00096,GH-NONGKHAI,NONGKHAI,STORE,NORTHEAST
GH-187,สาขาสมุย  สาขาที่ 00076,S00125,GH-SAMUI-SURATTHANI,SURATTHANI,STORE,SOUTH
GH-158,สาขายโสธร  สาขาที่ 00036,S00185,GH-YASOTHON,YASOTHON,STORE,NORTHEAST
GH-168,สาขาพังโคน สาขาที่ 00053,S00197,GH-PHANG_KHON-SAKONNAKHON,SAKONNAKHON,STORE,NORTHEAST
GH-164,สาขาภูเก็ต สาขาที่ 00063,S00212,GH-PHUKET,PHUKET,STORE,SOUTH
GH-137,สาขาบ้านตาด  สาขาที่  00026,S00256,GH-BAN_TAK-UDONTHANI,UDONTHANI,STORE,NORTHEAST
GH-108,สาขาราชบุรี สาขาที่ 00007,S00258,GH-RATCHABURI,RATCHABURI,STORE,WEST&EAST
GH-136,สาขาตราด  สาขาที่  00030,S00260,GH-TRAT,TRAT,STORE,WEST&EAST
GH-194,สาขาระนอง สาขาที่  00080,S00269,GH-RANONG,RANONG,STORE,SOUTH
GH-117,สาขานครพนม สาขาที่  00014,S00276,GH-NAKHONPHANOM,NAKHONPHANOM,STORE,NORTHEAST
GH-160,สาขาเลย สาขาที่ 00048,S00279,GH-LOEI,LOEI,STORE,NORTHEAST
GH-115,สาขานครราชสีมา สาขาที่  00012,S00285,GH-NAKHONRATCHASIMA,NAKHONRATCHASIMA,STORE,NORTHEAST
GH-193,สาขาพรเจริญ สาขาที่ 00078,S00311,GH-PRON_CHAROEN-BUENGKAN,BUENGKAN,STORE,NORTHEAST
GH-166,สาขาแม่สาย สาขาที่ 00066,S00314,GH-MAESAI-CHIANGRAI,CHIANGRAI,STORE,NORTH
GH-184,สาขาพยัคฆภูมิพิสัย สาขาที่ 00073,S00316,GH-PHAYAKKHAPHUMPHISAI-MAHASARAKHAM,MAHASARAKHAM,STORE,NORTHEAST
GH-182,สาขาหนองหาน สาขาที่ 00075,S00320,GH-NONGHAN-UDONTHANI,UDONTHANI,STORE,NORTHEAST
GH-125,สาขาแพร่  สาขาที่  00020,S00328,GH-PHRAE,PHRAE,STORE,NORTH
GH-138,สาขาพะเยา  สาขาที่  00029,S00330,GH-PHAYAO,PHAYAO,STORE,NORTH
GH-156,สาขาสิงห์บุรี สาขาที่ 00040,S00334,GH-SINGBURI,SINGBURI,STORE,WEST&EAST
GH-186,สาขากุฉินารายณ์  สาขาที่ 00071,S00339,GH-KUCHINARAI-KALASIN,KALASIN,STORE,NORTHEAST
GH-169,สาขาแม่ฮ่องสอน สาขาที่ 00061,S00345,GH-MAEHONGSON,MAEHONGSON,STORE,NORTH
GH-109,สาขากาฬสินธุ์ สาขาที่ 00008,S00348,GH-KALASIN,KALASIN,STORE,NORTHEAST
GH-102,สาขาขอนแก่น สาขาที่ 00001,S00353,GH-KHONKAEN,KHONKAEN,STORE,NORTHEAST
GH-112,สาขามหาสารคาม สาขาที่ 00010,S00354,GH-MAHASARAKHAM,MAHASARAKHAM,STORE,NORTHEAST
GH-174,สาขาด่านขุนทด สาขาที่ 00059,S00355,GH-DANKHUNTHOT-NAKHONRATCHASIMA,NAKHONRATCHASIMA,STORE,NORTHEAST
GH-146,สาขานครนายก  สาขาที่ 00035,S00358,GH-NAKHONNAYOK,NAKHONNAYOK,STORE,WEST&EAST
GH-101,สำนักงานใหญ่,S00361,GH-ROIET,ROIET,STORE,NORTHEAST
GH-120,สาขาพิษณุโลก  สาขาที่  00017,S00365,GH-PHITSANULOK,PHITSANULOK,STORE,NORTH
GH-127,สาขาเชียงราย สาขาที่ 00041,S00368,GH-CHIANGRAI,CHIANGRAI,STORE,NORTH
GH-171,สาขาโชคชัย สาขาที่ 00056,S00374,GH-CHOK_CHAI-NAKHONRATCHASIMA,NAKHONRATCHASIMA,STORE,NORTHEAST
GH-140,สาขาปราณบุรี สาขาที่ 00038,S00376,GH-PRANBURI-PRACHUAPKHIRIKHAN,PRACHUAPKHIRIKHAN,STORE,WEST&EAST
GH-150,สาขาปทุมธานี1 สาขาที่ 00042,S00378,GH:PATHUMTHANI,PATHUMTHANI,STORE,BKK CENTRAL
GH-177,สาขากันทรลักษ์ สาขาที่ 00065,S00379,GH-KANTARARAK-SISAKET,SISAKET,STORE,NORTHEAST
GH-104,สาขาเวียงกุมกาม สาขาที่ 00003,S00380,GH-WIANG_KUM_KAM-CHIANGMAI,CHIANGMAI,STORE,NORTH
GH-142,สาขาหนองบัวลำภู  สาขาที่ 00033,S00381,GH-NONGBUALAMPHU,NONGBUALAMPHU,STORE,NORTHEAST
GH-153,สาขาบึงกาฬ  สาขาที่ 00037,S00384,GH-BUENGKAN,BUENGKAN,STORE,NORTHEAST
GH-162,สาขาอุตรดิตถ์ สาขาที่ 00049,S00385,GH-UTTARADIT,UTTARADIT,STORE,NORTH
GH-116,สาขาสกลนคร สาขาที่  00013,S00387,GH-SAKONNAKHON,SAKONNAKHON,STORE,NORTHEAST
GH-198,สาขาปัตตานี  สาขาที่ 00088,S00395,GH-PATTANI,PATTANI,STORE,SOUTH
GH-201,สาขาพิมาย  สาขาที่ 00087,S00396,GH-PHIMAI-NAKHONRATCHASIMA,NAKHONRATCHASIMA,STORE,NORTHEAST
GH-144,สาขาสมุทรสงคราม สาขาที่ 00045,S00397,GH-SAMUTSONGKHRAM,SAMUTSONGKHRAM,STORE,WEST&EAST
GH-152,สาขานครศรีธรรมราช สาขาที่ 00044,S00400,GH-NAKHONSITHAMMARAT,NAKHONSITHAMMARAT,STORE,SOUTH
GH-176,สาขาเดชอุดม สาขาที่ 00069,S00407,GH-DECH_UDOM-UBONRATCHATHANI,UBONRATCHATHANI,STORE,NORTHEAST
GH-126,สาขาน่าน สาขาที่  00021,S00408,GH-NAN,NAN,STORE,NORTH
GH-203,สาขากระนวน  สาขาที่  00084,S00412,GH-KRANUAN-KHONKAEN,KHONKAEN,STORE,NORTHEAST
GH-118,สาขาชัยภูมิ สาขาที่  00015,S00418,GH-CHAIYAPHUM,CHAIYAPHUM,STORE,NORTHEAST
GH-122,สาขามุกดาหาร  สาขาที่  00019,S00419,GH-MUKDAHAN,MUKDAHAN,STORE,NORTHEAST
GH-105,สาขาระยอง สาขาที่ 00004,S00421,GH-RAYONG,RAYONG,STORE,WEST&EAST
GH-128,สาขาสุโขทัย  สาขาที่  00025,S00423,GH-SUKHOTHAI,SUKHOTHAI,STORE,NORTH
GH-163,สาขาชุมแพ สาขาที่ 00051,S00425,GH-CHUMPAE-KHONKAEN,KHONKAEN,STORE,NORTHEAST
GH-141,สาขาเทพารักษ์ สาขาที่ 00057,S00426,GH:THEPHARAK-SAMUTPRAKAN,SAMUTPRAKAN,STORE,BKK CENTRAL
GH-179,สาขาไทรน้อย สาขาที่ 00068,S00435,GH:SAINOI-NONTHABUTI,NONTHABURI,STORE,BKK CENTRAL
GH-195,สาขาโพนทอง สาขาที่  00081,S00437,GH-PONE_THONG-ROIET,ROIET,STORE,NORTHEAST
GH-185,สาขากบินทร์บุรี สาขาที่ 00074,S00438,GH-KRABINBURI-PRACHINBURI,PRACHINBURI,STORE,WEST&EAST
GH-172,สาขาชัยนาท สาขาที่ 00058,S00440,GH-CHAINAT,CHAINAT,STORE,WEST&EAST
GH-183,สาขากระทุ่มแบน  สาขาที่ 00067,S00441,GH:KATUMBAN-SAMUTSAKHON,SAMUTSAKHON,STORE,WEST&EAST
GH-159,สาขาอ่างทอง สาขาที่ 00054,S00443,GH-ANGTHONG,ANGTHONG,STORE,WEST&EAST
GH-178,สาขานางรอง สาขาที่ 00062,S00444,GH-NANGRONG-BURIRUM,BURIRAM,STORE,NORTHEAST
GH-192,สาขาพิจิตร สาขาที่  00079,S00448,GH-PHICHIT,PHICHIT,STORE,NORTH
GH-145,สาขาพระนครศรีอยุธยา สาขาที่ 00047,S00450,GH-AYUTTHAYA,AYUTTHAYA,STORE,WEST&EAST
GH-106,สาขาชลบุรี สาขาที่ 00005,S00452,GH-CHONBURI,CHONBURI,STORE,WEST&EAST
GH-161,สาขาพัทลุง สาขาที่ 00046,S00453,GH-PHATTHALUNG,PHATTHALUNG,STORE,SOUTH
GH-129,สาขาอุบลราชธานี  สาขาที่  00027,S00455,GH-UBONRATCHATHANI,UBONRATCHATHANI,STORE,NORTHEAST
GH-175,สาขาสตูล สาขาที่ 00064,S00460,GH-SATUN,SATUN,STORE,SOUTH
GH-173,สาขาฝาง สาขาที่ 00060,S00468,GH-FANG-CHIANGMAI,CHIANGMAI,STORE,NORTH
GH-130,สาขากำแพงเพชร  สาขาที่  00022,S00469,GH-KAMPHAENGPHET,KAMPHAENGPHET,STORE,NORTH
GH-189,สาขาเวียงป่าเป้า  สาขาที่ 00072,S00475,GH-WIANG_PA_PAO-CHIANGRAI,CHIANGRAI,STORE,NORTH
GH-197,สาขาเลิงนกทา  สาขาที่ 00083,S00478,GH-LENG_NOK_THA-YASOTHON,YASOTHON,STORE,NORTHEAST
GH-188,สาขาพาน  สาขาที่ 00077,S00479,GH-PAN-CHIANGRAI,CHIANGRAI,STORE,NORTH
GH-155,สาขากาญจนบุรี สาขาที่ 00052,S00492,GH-KANCHANABURI,KANCHANABURI,STORE,WEST&EAST
GH-107,สาขานครปฐม สาขาที่ 00006,S00494,GH:NAKHONPATHOM,NAKHONPATHOM,STORE,WEST&EAST
GH-139,สาขาบุรีรัมย์  สาขาที่  00034,S00496,GH-BURIRAM,BURIRAM,STORE,NORTHEAST
GH-191,สาขาจะนะ สาขาที่ 00089,S00501,GH-JANA-SONGKHLA,SONGKHLA,STORE,SOUTH
GH-200,สาขาชุมพร  สาขาที่ 00085,S00506,GH-CHUMPHON,CHUMPHON,STORE,SOUTH
GH-131,สาขาเพชรบูรณ์  สาขาที่  00032,S00508,GH-PHETCHABUN,PHETCHABUN,STORE,NORTH
GH-119,สาขาสุรินทร์ สาขาที่  00016,S00510,GH-SURIN,SURIN,STORE,NORTHEAST
GH-110,สาขานครสวรรค์ สาขาที่  00009,S00512,GH-NAKHONSAWAN,NAKHONSAWAN,STORE,NORTH
GH-135,สาขาจันทบุรี สาขาที่  00031,S00514,GH-CHANTHABURI,CHANTHABURI,STORE,WEST&EAST
GH-206,สาขาสว่างแดนดิน สาขาที่ 00090,S00515,GH-SAWANGDAEDIN-SAKONNAKHON,SAKONNAKHON,STORE,NORTHEAST
GH-154,สาขาสุราษฎร์ธานี สาขาที่00043,S00524,GH-SURATTHANI,SURATTHANI,STORE,SOUTH
GH-132,สาขาลพบุรี  สาขาที่  00028,S00525,GH-LOPBURI,LOPBURI,STORE,WEST&EAST
GH-121,สาขาลำพูน สาขาที่  00018,S00528,GH-LAMPHUN,LAMPHUN,STORE,NORTH
GH-151,สาขาศาลายา สาขาที่ 00039,S00537,GH:SALAYA-NAKHONPATHOM,NAKHONPATHOM,STORE,WEST&EAST
GH-103,สาขาอุดรธานี สาขาที่ 00002,S00541,GH-UDONTHANI,UDONTHANI,STORE,NORTHEAST
GH-124,สาขาลำปาง สาขาที่  00024,S00544,GH-LAMPANG,LAMPANG,STORE,NORTH
GH-209,สาขาสวรรคโลก สาขาที่ 00092,S00558,GH-SAWANKHALOK-SUKHOTHAI,SUKHOTHAI,STORE,NORTH
GH-211,สาขาเดอะไนน์เซ็นเตอร์ติวานนท์ สาขาที่ 00086,S00563,GH:THE_NINE_TIWANONT,BANGKOK,STORE,BKK CENTRAL
GH-113,สาขาบ้านไผ่  สาขาที่   00023,S00581,GH-BAN_PHAI-KHONKAEN,KHONKAEN,STORE,NORTHEAST
GH-207,สาขาลำปลายมาศ  สาขาที่ 00091,S00588,GH-LAM_PHAI_MAT-BURIRAM,BURIRAM,STORE,NORTHEAST
GH-123,สาขาประจวบคีรีขันธ์ สาขาที่ 00050,S00598,GH-PRACHUAPKHIRIKHAN,PRACHUAPKHIRIKHAN,STORE,WEST&EAST
GH-001,HO,TGH-001,GH.DC-GH001-HEAD_OFFICE,BANGKOK,DC,BKK CENTRAL
GH-002,ศูนย์กระจายสินค้า,TGH-002,GH.DC-GH002-DC,BANGKOK,DC,BKK CENTRAL
GH-003,ศูนย์กระจายสินค้า2,TGH-003,GH.DC-GH003-DC,BANGKOK,DC,BKK CENTRAL
GH-004,สาขาวังน้อย สาขาที่ 00055,TGH-004,GH.DC-GH004-DC_WANGNOI,AYUTTHAYA,DC,WEST&EAST
GH-202,สาขานราธิวาส สาขาที่ 00093,S01183,GH-NARATHIWAT,NARATHIWAT,STORE,SOUTH
GH-210,สาขาบ้านดุง สาขาที่ 00094,S01239,GH-BANDUNG-UDONTHANI,UDONTHANI,STORE,NORTHEAST
GH-214,แม่สอด ตาก,S02046,GH-MAESOD-TAK,TAK,STORE,NORTH
GH-213,สาขาเวียงสา สาขาที่ 00096,S02228,GH-WIANGSA-NAN,NAN,STORE,NORTH
n/a,n/a,S20229,SANGUAN_CHAI_HIGH_TECH-KAMPHAENGPHET,KAMPHAENGPHET,STORE,NORTH
GH-212,สาขาสมเด็จ สาขาที่ 00212,S02246,GH-SOMDEJ-KALASIN,KALASIN,STORE,NORTHEAST
GH-199,สาขาลาดยาว สาขาที่ 00199,S02247,GH-LADYAO-NAKHONSAWAN,NAKHONSAWAN,STORE,NORTH
GH-216,สาขาโพนพิสัย สาขาที่ 00100,S02270,GH-PHONPHISAI-NONGKHAI,NONGKHAI,STORE,NORTHEAST
GH-009,สาขาลามายอนวังน้อย,TGH-009,GH.DC-GH009_LAMAYON-DC_WANGNOI,AYUTTHAYA,DC,WEST&EAST
GH-208,สาขาวังทอง,S02310,GH-WANGTHONG-PHITSANULOK,PHITSANULOK,STORE,NORTH
GH-215,สาขาบ้านผือ สาขาที่ 00103,S02348,GH-BANPHUE-UDONTHANI,UDONTHANI,STORE,NORTHEAST
NEWGH04,สาขาเชียงคำ,S02349,GH-CHIANG_KAM-PHAYAO,PHAYAO,STORE,NORTH
NEWGH05,สาขาอรัญประเทศ,S02350,GH-ARANYAPRATHET-SAKAEO,SAKAEO,STORE,WEST&EAST
GH-217,สาขาตระการพืชผล  สาขาที่ 00102 ,S02355,GH-TRAKANPHUETPHON-UBONRATCHATHANI,UBONRATCHATHANI,STORE,NORTHEAST
