ProductCode,ProductName,MODEL,SKU_TYPE,CATEGORY,SUB_CATEGORY,SIZE_GROUP
8855671025164,HAIER เครื่องทำน้ำอุ่น ขนาด 3500 วัตต์ รุ่น EI35A1(W) สีขาว,EI35A1(W),SELLABLE,WH,Manual,3500W
8855671025188,HAIER เครื่องทำน้ำอุ่น ขนาด 3500 วัตต์ EI35A2(W) สีขาว,EI35A2(W),SELLABLE,WH,Manual,3500W
8855671031240,HAIER เครื่องทำน้ำอุ่น Copper Tank ขนาด 3500 วัตต์ รุ่น EI35M-F1CWB สีขาว,EI35M-F1CWB(TH),SELLABLE,WH,Manual,3500W
8855671030106,HAIER เครื่องทำน้ำอุ่น ขนาด 3500 วัตต์ รุ่น EI35M-F1W สีขาว,EI35M-F1W(TH),SELLABLE,WH,Manual,3500W
8855671025171,HAIER เครื่องทำน้ำอุ่น ขนาด 4500 วัตต์ รุ่น EI45A1(W) สีขาว,EI45A1(W),SELLABLE,WH,Manual,4500W
8855671025195,HAIER เครื่องทำน้ำอุ่น ขนาด 4500 วัตต์ EI45A2(W) สีขาว,EI45A2(W),SELLABLE,WH,Manual,4500W
S8855671025232,สินค้าตัวโชว์ HAIER เครื่องทำน้ำอุ่น ขนาด 4500 วัตต์ EI45H2(B) Digital สีดำ,EI45H2(B),MOCK_UP,WH,Digital,4500W
8855671031233,HAIER เครื่องทำน้ำอุ่น Copper Tank ขนาด 4500 วัตต์ รุ่น EI45M-F1CWB สีขาว,EI45M-F1CWB(TH),SELLABLE,WH,Manual,4500W
8855671030113,HAIER เครื่องทำน้ำอุ่น ขนาด 4500 วัตต์ รุ่น EI45M-F1W สีขาว,EI45M-F1W(TH),SELLABLE,WH,Manual,4500W
8855671026796,HAIER เครื่องทำน้ำอุ่น Multipoint ขนาด 6000 วัตต์ รุ่น EI60C1(W) สีขาว,EI60C1(W),SELLABLE,WH,Digital,6000W
6971926017028,HAIER SMART TV Android ขนาด 32 นิ้ว รุ่น H32D6M สีดำ,H32D6M,SELLABLE,TV,FHD,↓ 43"
S6971926017028,สินค้าตัวโชว์ HAIER SMART TV Android ขนาด 32 นิ้ว รุ่น H32D6M สีดำ,H32D6M,DEMO,TV,FHD,↓ 43"
6971926014980,HAIER LED Digital TV  32 นิ้ว รุ่น H32F6000,H32F6000,SELLABLE,TV,FHD,↓ 43"
6971926019794,HAIER Smart  ทีวี Android  ขนาด 32 นิ้ว H32K66G สีดำ,H32K66G,SELLABLE,TV,FHD,↓ 43"
S6971926019794,สินค้าตัวโชว์ HAIER Smart  ทีวี Android  ขนาด 32 นิ้ว H32K66G สีดำ,H32K66G,DEMO,TV,FHD,↓ 43"
6971926016410,HAIER Smart  ทีวี Android  ขนาด 32 นิ้ว H32K66G Plus,H32K66G PLUS,SELLABLE,TV,FHD,↓ 43"
S6971926016410,สินค้าตัวโชว์ HAIER Smart  ทีวี Android  ขนาด 32 นิ้ว H32K66G Plus,H32K66G PLUS,DEMO,TV,FHD,↓ 43"
8855671033312,HAIER Smart TV ขนาด 32 นิ้ว รุ่น H32S80EFX สีดำ,H32S80EFX,SELLABLE,TV,QLED,↓ 43"
S6971926017035,สินค้าตัวโชว์ HAIER Smart TV Android ขนาด 43 นิ้ว รุ่น H43D6FG สีดำ,H43D6FG,DEMO,TV,FHD,43-50"
6971926019954,Haier Smart TV Android 11 ขนาด 43 นิ้ว รุ่น H43K6FG Plus สีดำ,H43K6FG PLUS,SELLABLE,TV,FHD,43-50"
8855671033336,HAIER Smart TV Android ขนาด 43 นิ้ว รุ่น H43S80EUX สีดำ,H43S80EUX,SELLABLE,TV,QLED,43-50"
S6971926015253,สินค้าตัวโชว์ HAIER Smart TV Android ขนาด 50 นิ้ว H50K6UG สีดำ,H50K6UG,DEMO,TV,UHD,43-50"
6971926018957,HAIER Smart TV Android 4K UHD ขนาด 55 นิ้ว รุ่น H55K66UG สีดำ,H55K66UG,SELLABLE,TV,UHD,55-58"
S6971926018957,สินค้าตัวโชว์ HAIER Smart TV Android 4K UHD ขนาด 55 นิ้ว รุ่น H55K66UG สีดำ,H55K66UG,DEMO,TV,UHD,55-58"
6971926019992,HAIER โทรทัศน์  Smart TV 4K UHD รุ่น H55K6UG ขนาด 55  นิ้ว สีดำ,H55K6UG PLUS,SELLABLE,TV,UHD,55-58"
6971926018568,HAIER โทรทัศน์ Google HQLED 4K รุ่น H55K7UG สีดำ,H55K7UG,SELLABLE,TV,QLED,55-58"
S6971926018568,สินค้าตัวโชว์ HAIER โทรทัศน์ Google HQLED 4K รุ่น H55K7UG สีดำ,H55K7UG,DEMO,TV,QLED,55-58"
6976454831863,HAIER Smart TV ขนาด 55 นิ้ว รุ่น H55S80EUX สีดำ,H55S80EUX,SELLABLE,TV,QLED,55-58"
6971926019626,"HAIER โทรทัศน์ LED TV ขนาด 58 นิ้ว (4K, Android TV) รุ่น H58K66UG สีดำ",H58K66UG,SELLABLE,TV,UHD,55-58"
6971926011408,Haier โทรทัศน์  ANDROID 11  4K ขนาด 58 นิ้ว รุ่น H58K67UG สีดำ,H58K67UG,SELLABLE,TV,UHD,55-58"
S6971926011408,สินค้าตัวโชว์ Haier โทรทัศน์  ANDROID 11  4K ขนาด 58 นิ้ว รุ่น H58K67UG สีดำ,H58K67UG,DEMO,TV,UHD,55-58"
S6971926015277,สินค้าตัวโชว์ HAIER Smart TV Android ขนาด 58 นิ้ว H58K6UG สีดำ,H58K6UG,DEMO,TV,UHD,55-58"
6971926011736,HAIER Android Smart TV 4K UHD 58 นิ้ว รุ่น H58S51UG Android11  สีดำ,H58S51UG,SELLABLE,TV,UHD,55-58"
6971926018575,HAIER โทรทัศน์ Google HQLED 4K รุ่น H65K7UG สีดำ,H65K7UG,SELLABLE,TV,QLED,65-70"
S6971926018575,สินค้าตัวโชว์ HAIER โทรทัศน์ Google HQLED 4K รุ่น H65K7UG สีดำ,H65K7UG,DEMO,TV,QLED,65-70"
S6971926017042,สินค้าตัวโชว์ HAIER Smart TV Android 4K HQLED ขนาด 65 นิ้ว รุ่น H65S6UG PRO สีดำ,H65S6UG PRO,DEMO,TV,QLED,65-70"
6976454831870,HAIER Smart TV ขนาด 65 นิ้ว รุ่น H65S80EUX สีดำ,H65S80EUX,SELLABLE,TV,QLED,65-70"
6971926019657,HAIER Android Smart TV 4K UHD 70 นิ้ว  รุ่น H70D6UG  Android11 สีดำ,H70D6UG,SELLABLE,TV,UHD,65-70"
6971926012504,HAIER โทรทัศน์ Google TV HQLED 4K รุ่น  H75K7UG สีดำ,H75K7UG,SELLABLE,TV,QLED,75" ↑
S6971926012504,สินค้าตัวโชว์ HAIER โทรทัศน์ Google TV HQLED 4K รุ่น  H75K7UG สีดำ,H75K7UG,DEMO,TV,QLED,75" ↑
8855671022361,HAIER ตู้แช่ Chest Freezer 3.6 คิว HCF-HM100 สีขาว,HCF-100HM,SELLABLE,FZ,Chest,↓ 10Q
8855671026970,HAIER ตู้แช่ฝาทึบ 2 ระบบ ขนาด 3.5 คิว รุ่น HCF-100HM2 สีขาว,HCF-100HM2,SELLABLE,FZ,Chest,↓ 10Q
S8855671026970,สินค้าตัวโชว์ HAIER ตู้แช่ฝาทึบ 2 ระบบ ขนาด 3.5 คิว รุ่น HCF-100HM2 สีขาว,HCF-100HM2,DEMO,FZ,Chest,↓ 10Q
6930265302967,ตู้แช่ฝาทึบ 2 ระบบ รุ่น HCF-108C2 ขนาด 3.5 คิว สีขาว,HCF-108C2,SELLABLE,FZ,Chest,↓ 10Q
8855671022507,HAIER ตู้ระบบแช่แข็ง Chest Freezer 5.2 คิว HCF-HM145 สีขาว,HCF-145HM,SELLABLE,FZ,Chest,↓ 10Q
8855671026987,HAIER ตู้แช่ฝาทึบ 2 ระบบ ขนาด 5.1 คิว รุ่น HCF-145HM2 สีขาว,HCF-145HM2,SELLABLE,FZ,Chest,↓ 10Q
S8855671026987,สินค้าตัวโชว์ HAIER ตู้แช่ฝาทึบ 2 ระบบ ขนาด 5.1 คิว รุ่น HCF-145HM2 สีขาว,HCF-145HM2,DEMO,FZ,Chest,↓ 10Q
8855671026994,HAIER ตู้ฝาทึบ 2 ระบบ ขนาด 7.1 คิว รุ่น HCF-200HM2 สีขาว,HCF-200HM2,SELLABLE,FZ,Chest,↓ 10Q
S8855671026994,สินค้าตัวโชว์ HAIER ตู้ฝาทึบ 2 ระบบ ขนาด 7.1 คิว รุ่น HCF-200HM2 สีขาว,HCF-200HM2,DEMO,FZ,Chest,↓ 10Q
8855671027816,HAIER ตู้แช่ฝาทึบ 2 ระบบ ขนาด 5.0 คิว รุ่น HCF-208C2 สีขาว,HCF-208C2,SELLABLE,FZ,Chest,↓ 10Q
8855671027823,HAIER ตู้แช่ฝาทึบ 2 ระบบ ขนาด 7.0 คิว รุ่น HCF-228C2 สีขาว,HCF-228C2,SELLABLE,FZ,Chest,↓ 10Q
8855671024754,HAIER ตู้แช่แข็งฝาทึบ 2 ระบบ ขนาด 10.8Q รุ่น HCF-350DP สีขาว,HCF-350DP,SELLABLE,FZ,Chest,10-14.9Q
8855671027281,HAIER ตู้แช่ฝาทึบ 2 ระบบ HCF-428DP 13.4 คิว สีขาว,HCF-428DP,SELLABLE,FZ,Chest,10-14.9Q
8855671026536,HAIER ตู้แช่ฝาทึบ 2 ระบบ HCF-568DP 18.3 คิว สีขาว,HCF-568DP,SELLABLE,FZ,Chest,15-19.9Q
8855671023245,HAIER ตู้แช่เบียร์วุ้น 198 ลิตร ขนาด 7 คิว รุ่น HCF-SB228 สีขาว,HCF-SB228,SELLABLE,FZ,Chest,↓ 10Q
S8855671023245,สินค้าตัวโชว์ HAIER ตู้แช่เบียร์วุ้น 198 ลิตร ขนาด 7 คิว รุ่น HCF-SB228 สีขาว,HCF-SB228,DEMO,FZ,Chest,↓ 10Q
8855671026727,HAIER เครื่องอบผ้าฝาหน้า ขนาด 10 กก. รุ่น HD100-AR959S สีดำ,HD100-AR959S,SELLABLE,WM,Dryer,10-14KG
8855671016957,HAIER เครื่องอบผ้า ขนาด 7 KG. Model HDV70E1 สีขาว,HDV70E1,SELLABLE,WM,Dryer,↓ 10KG
8855671019866,HAIER ตู้เย็น 1 ประตู Mini-Bar 1.7 คิว HR-50 สีเทาอ่อน,HR-50,SELLABLE,RF,1Dr,↓ 10Q
8855671033718,HAIER ตู้เย็น 2 ประตู รุ่น HRF-185MN (Fixed Speed) ขนาด 6.6 คิว สีดำ,HRF-185MN,SELLABLE,RF,2Dr,↓ 10Q
8859474604687,HAIER ตู้เย็น 2 ประตู รุ่น HRF-215MN (Fixed Speed) ขนาด 7.6 คิว สีดำ,HRF-215MN SS,SELLABLE,RF,2Dr,↓ 10Q
8859474604694,HAIER ตู้เย็น 2 ประตู รุ่น HRF-245MN (Fixed Speed) ขนาด 8.3 คิว สีดำ,HRF-245MN SS,SELLABLE,RF,2Dr,↓ 10Q
8855671018173,HAIER ตู้เย็น 2 ประตู Navi Colling 9.6 คิว HRF-260 MNIDL สี New Silver,HRF-260MNIDL SV,SELLABLE,RF,2Dr,↓ 10Q
8855671029100,HAIER ตู้เย็น 2 ประตู ขนาด 10 คิว รุ่น HRF-285MNI สีเทา,HRF-285MNI,SELLABLE,RF,2Dr,10-14Q
8859474603208,HAIER ตู้เย็น 2 ประตู Inverter ขนาด 11.8 คิว รุ่น HRF-320MNI สีดำ,HRF-320MNI BK,SELLABLE,RF,2Dr,10-14Q
8859474603215,HAIER ตู้เย็น 2 ประตู 12.6 คิว  HRF-350MNI สีดำ,HRF-350MNI BK,SELLABLE,RF,2Dr,10-14Q
8855671028820,HAIER ตู้เย็น MULTI DOOR รุ่น HRF-MD320 STL ขนาด 10.6 คิว สีเงินสเตนเลส,HRF-MD320 STL,SELLABLE,RF,Multi Dr,10-14Q
S8855671028820,สินค้าตัวโชว์ HAIER ตู้เย็น MULTI DOOR รุ่น HRF-MD320 STL ขนาด 10.6 คิว สีเงินสเตนเลส,HRF-MD320 STL,DEMO,RF,Multi Dr,10-14Q
8855671023177,HAIER ตู้เย็น Multi Door 4 ประตู ขนาด 13.6 คิว รุ่น HRF-MD350（STL）สีเทาอ่อน,HRF-MD350 STL,SELLABLE,RF,Multi Dr,10-14Q
S8855671023177,สินค้าตัวโชว์ HAIER ตู้เย็นมัลติดอร์ HRF-MD350（STL）สีเทาอ่อน,HRF-MD350 STL,DEMO,RF,Multi Dr,10-14Q
8855671014946,HAIER ตู้เย็น 4 ประตู ขนาด 16 คิว HRF-MD456GB สีดำ,HRF-MD456 GB,SELLABLE,RF,Multi Dr,15-19Q
8859474603819,HAIER ตู้เย็น 4 ประตู ระบบ Inverter HRF-MD469GB ขนาด 16.1Q สีดำ,HRF-MD469G GB,SELLABLE,RF,Multi Dr,15-19Q
8859474603802,HAIER ตู้เย็น 4 ประตู ระบบ Inverter HRF-MD469M ขนาด 16.1Q สีดำ,HRF-MD469M MB,SELLABLE,RF,Multi Dr,15-19Q
S8859474603321,สินค้าตัวโชว์ HAIER ตู้เย็น 4 ประตู INVERTER รุ่น HRF-MDM448 ขนาด 16.1Q สีดำ,HRF-MDM448 KS,DEMO,RF,Multi Dr,15-19Q
6901018082399,HAIER ตู้เย็น SBS 17Q รุ่น HRF-SBS490 สีดำด้าน,HRF-SBS490 SV,SELLABLE,RF,SBS,15-19Q
8855671031493,HAIER ตู้เย็น SIDE BY SIDE อินเวอร์เตอร์ ขนาด 21.7Q รุ่น HRF-SBS636MS สีดำ,HRF-SBS636 MS,SELLABLE,RF,SBS,20Q ↑
8855671027267,HAIER ตู้เย็น 2 ประตู ขนาด 6.5 คิว รุ่น HRF-THM18NS สีเทา,HRF-THM18NS,SELLABLE,RF,2Dr,↓ 10Q
8855671032605,Haier ตู้เย็น 2 ประตู ระบบ Inverter HRF-THM209I 7.1 คิว สีเทาเข้ม,HRF-THM209I,SELLABLE,RF,2Dr,↓ 10Q
S8855671032605,สินค้าตัวโชว์ Haier ตู้เย็น 2 ประตู ระบบ Inverter HRF-THM209I 7.1 คิว สีเทาเข้ม,HRF-THM209I,DEMO,RF,2Dr,↓ 10Q
8855671019231,HAIER ตู้เย็น 2 ประตู 7.4 คิว HRF-THM20N สีซิลเวอร์,HRF-THM20NS,SELLABLE,RF,2Dr,↓ 10Q
8855671032599,Haier ตู้เย็น 2 ประตู ระบบ Inverter HRF-THM259I 8.9 คิว สีเทาเข้ม,HRF-THM259I,SELLABLE,RF,2Dr,↓ 10Q
S8855671032599,สินค้าตัวโชว์ Haier ตู้เย็น 2 ประตู ระบบ Inverter HRF-THM259I 8.9 คิว สีเทาเข้ม,HRF-THM259I,DEMO,RF,2Dr,↓ 10Q
8855671019248,HAIER ตู้เย็น 2 ประตู 9.4 คิว HRF-THM25N สีซิลเวอร์,HRF-THM25NS,SELLABLE,RF,2Dr,↓ 10Q
S8855671026734,สินค้าตัวโชว์ HAIER ตู้เย็น 2 ประตูไฮเออร์ 12.2 คิว HRF-THM35NS สีเงิน,HRF-THM35NS,DEMO,RF,2Dr,10-14Q
8855671022460,HAIER ตู้เย็น 2 ประตู ขนาด 15.4 คิว  HRF-THM42I สีเทา,HRF-THM42I,SELLABLE,RF,2Dr,10-14Q
8859474603697,HAIER ตู้เย็น 1 ประตู ขนาด 5.3Q รุ่น HR-SD159F BE สีดำ,HR-SD159F BE,SELLABLE,RF,1Dr,↓ 10Q
8859474603598,HAIER ตู้เย็น 1 ประตู ขนาด 5.3Q รุ่น HR-SD159F CS สีซิลเวอร์,HR-SD159F CS,SELLABLE,RF,1Dr,↓ 10Q
8859474603710,HAIER ตู้เย็น 1 ประตู ขนาด 6.6Q รุ่น HR-SD199F BE สีดำ,HR-SD199F BE,SELLABLE,RF,1Dr,↓ 10Q
8859474603604,HAIER ตู้เย็น 1 ประตู ขนาด 6.6Q รุ่น HR-SD199F CS สีซิลเวอร์,HR-SD199F CS,SELLABLE,RF,1Dr,↓ 10Q
8855671030342,HAIER ตู้เย็น 1 ประตู HR-SD55 1.4 คิว สีดำ,HR-SD55,SELLABLE,RF,1Dr,↓ 10Q
8855671031783,HAIER ตู้เย็น 1 ประตู HR-SD95 3.1 คิว สีดำ,HR-SD95,SELLABLE,RF,1Dr,↓ 10Q
S8855671027366,สินค้าตัวโชว์ HAIER เครื่องปรับอากาศ 9000 BTU รุ่น HSU-09CQRA03T สีขาว,HSU-09CQRA03T,MOCK_UP,AC,Fix Speed,10KBTU↓
8855671029421,Haier เครื่องปรับอากาศ 9000 BTU  HSU-09CQRB03T,HSU-09CQRB03T,SELLABLE,AC,Fix Speed,10KBTU↓
8855671029667,Haier  เครื่องปรับอากาศ inverter 9000 BTU  HSU-09VQRA03T,HSU-09VQRA03T,SELLABLE,AC,Inverter,10KBTU↓
8855671032339,Haier เครื่องปรับอากาศ Inverter 9200 BTU HSU-09VQRC03T,HSU-09VQRC03T,SELLABLE,AC,Inverter,10KBTU↓
8855671032438,Haier เครื่องปรับอากาศ Fix Speed 9200 BTU HSU-10CQRD03T,HSU-10CQRD03T,SELLABLE,AC,Fix Speed,10KBTU↓
8855671032315,Haier เครื่องปรับอากาศ Premium Inverter (UV Cool Smart) Smart Wifi Control 9200 BTU HSU-10VRRA03T,HSU-10VRRA03T,SELLABLE,AC,Inverter,10KBTU↓
8855671031974,Haier เครื่องปรับอากาศ Premium Inverter (UV Cool Deluxe) Wifi Control & PM2.5 Filter 9000 BTU HSU-10VRWA03T,HSU-10VRWA03T,SELLABLE,AC,Inverter,10KBTU↓
S8855671027397,สินค้าตัวโชว์ HAIER เครื่องปรับอากาศ 12000 BTU รุ่น HSU-12CQRA03T สีขาว,HSU-12CQRA03T,MOCK_UP,AC,Fix Speed,12-13KBTU
8855671029445,Haier เครื่องปรับอากาศ 12000 BTU  HSU-12CQRB03T สีขาว,HSU-12CQRB03T,SELLABLE,AC,Fix Speed,12-13KBTU
8855671017114,HAIER เครื่องปรับอากาศ Fix speed 12000 BTU HSU-12CTB03T สีขาว,HSU-12CTB03T,SELLABLE,AC,Fix Speed,12-13KBTU
8855671029681,Haier เครื่องปรับอากาศ inverter 12000 BTU HSU-12VQRA03T สีขาว,HSU-12VQRA03T,SELLABLE,AC,Inverter,12-13KBTU
8855671032490,Haier เครื่องปรับอากาศ Inverter 12000 BTU HSU-12VQRC03T,HSU-12VQRC03T,SELLABLE,AC,Inverter,12-13KBTU
S8855671025492,สินค้าตัวโชว์ HAIER เครื่องปรับอากาศ Inverter ขนาด 11400 BTU HSU-12VTRA03T สีขาว,HSU-12VTRA03T,MOCK_UP,AC,Inverter,12-13KBTU
8855671031936,Haier เครื่องปรับอากาศ Fix Speed 12000 BTU HSU-13CQRD03T,HSU-13CQRD03T,SELLABLE,AC,Fix Speed,12-13KBTU
8855671032476,"Haier เครื่องปรับอากาศ Premium Inverter (UV Cool Smart) Smart Wifi Control 12,300 BTU HSU-13VRRA03T",HSU-13VRRA03T,SELLABLE,AC,Inverter,12-13KBTU
8855671031998,"Haier เครื่องปรับอากาศ Premium Inverter (UV Cool Deluxe) Wifi Control & PM2.5 Filter 12,000 BTU HSU-13VRWA03T",HSU-13VRWA03T,SELLABLE,AC,Inverter,12-13KBTU
8855671032889,"Haier เครื่องปรับอากาศ Hi-End Inverter (UV Cool Premium) PM2.5 Filter, Wifi Control, Human Sensor 13,300 BTU HSU-13VSWA03T",HSU-13VSWA03T,SELLABLE,AC,Inverter,12-13KBTU
8855671032094,Haier เครื่องปรับอากาศ Inverter 15000 BTU HSU-15VQRC03T,HSU-15VQRC03T,SELLABLE,AC,Inverter,15KBTU
8855671029469,Haier  เครื่องปรับอากาศ 18000 BTU  HSU-18CQRB03T สีขาว,HSU-18CQRB03T,SELLABLE,AC,Fix Speed,18KBTU
S8855671029469,สินค้าตัวโชว์ Haier  เครื่องปรับอากาศ 18000 BTU  HSU-18CQRB03T สีขาว,HSU-18CQRB03T,MOCK_UP,AC,Fix Speed,18KBTU
8855671032452,Haier เครื่องปรับอากาศ Fix Speed 17000 BTU HSU-18CQRD03T,HSU-18CQRD03T,SELLABLE,AC,Fix Speed,18KBTU
S8855671027625,สินค้าตัวโชว์ HAIER เครื่องปรับอากาศติดผนัง พรีเมียม Inverter ขนาด 18500 BTU รุ่น HSU-18VFRA03T สีขาว,HSU-18VFRA03T,MOCK_UP,AC,Inverter,18KBTU
8855671029728,Haier เครื่องปรับอากาศ  inverter 18000 BTUHSU-18VQRA03T สีขาว,HSU-18VQRA03T,SELLABLE,AC,Inverter,18KBTU
8855671032117,Haier เครื่องปรับอากาศ Inverter 18000 BTU HSU-18VQRC03T,HSU-18VQRC03T,SELLABLE,AC,Inverter,18KBTU
8855671032216,"Haier เครื่องปรับอากาศ Premium Inverter (UV Cool Smart) Smart Wifi Control 18,000 BTU HSU-18VRRA03T",HSU-18VRRA03T,SELLABLE,AC,Inverter,18KBTU
8855671032018,"Haier เครื่องปรับอากาศ Premium Inverter (UV Cool Deluxe) Wifi Control & PM2.5 Filter 18,000 BTU HSU-18VRWA03T",HSU-18VRWA03T,SELLABLE,AC,Inverter,18KBTU
8855671032902,"Haier เครื่องปรับอากาศ Hi-End Inverter (UV Cool Premium) PM2.5 Filter, Wifi Control, Human Sensor 18,000 BTU HSU-18VSWA03T",HSU-18VSWA03T,SELLABLE,AC,Inverter,18KBTU
8855671029742,"Haier เครื่องปรับอากาศ inverter 23,200 BTU HSU-24VQRA03T สีขาว",HSU-24VQRA03T,SELLABLE,AC,Inverter,24KBTU↑
8855671032131,Haier เครื่องปรับอากาศ Inverter 18000 BTU HSU-18VQRC03T,HSU-24VQRC03T,SELLABLE,AC,Inverter,24KBTU↑
8855671032230,"Haier เครื่องปรับอากาศ Premium Inverter (UV Cool Smart) Smart Wifi Control 23,200 BTU HSU-24VRRA03T",HSU-24VRRA03T,SELLABLE,AC,Inverter,24KBTU↑
8855671032032,"Haier เครื่องปรับอากาศ Premium Inverter (UV Cool Deluxe) Wifi Control & PM2.5 Filter 24,000 BTU HSU-24VRWA03T",HSU-24VRWA03T,SELLABLE,AC,Inverter,24KBTU↑
8855671031776,HAIER เครื่องซักผ้า 2 ถัง 13 kg รุ่น HTW130-1217BS,HTW130-1217BS,SELLABLE,WM,Twin Tub,10-14KG
8855671031417,HAIER เครื่องซักผ้า 2 ถัง 9 kg รุ่น HTW150-1217BS,HTW150-1217BS,SELLABLE,WM,Twin Tub,15-19KG
8855671030366,HAIER เครื่องซักผ้า 2 ถัง 9 kg รุ่น HTW90-1217BS,HTW90-1217BS,SELLABLE,WM,Twin Tub,↓ 10KG
8855671025072,HAIER เครื่องซักผ้าฝาหน้า ขนาด 12kg  รุ่น HW120-BP14959S6  สี dark gray,HW120-BP14959S6,SELLABLE,WM,Front Load,10-14KG
8855671026697,HAIER เครื่องซักผ้าฝาหน้า รุ่น HW150-BP14986ES9 สีดำ,HW150-BP14986ES9,SELLABLE,WM,Front Load,15-19KG
8855671018050,HAIER เครื่องซักผ้าฝาหน้า 7 กก. HW70-BP10829 สีขาว,HW70-BP10829,SELLABLE,WM,Front Load,↓ 10KG
S8855671025041,สินค้าตัวโชว์ HAIER เครื่องซักผ้าฝาหน้า ขนาด 8kg HW80-BP12929 สีขาว,HW80-BP12929,DEMO,WM,Front Load,↓ 10KG
8855671028769,HAIER เครื่องซักผ้าฝาหน้า อินเวอร์เตอร์ 9.5 กก.  HW95-BP14929AS6  1400RPM  สีเทาเข้ม,HW95-BP14929AS6,SELLABLE,WM,Front Load,↓ 10KG
8855671025065,HAIER เครื่องซักผ้า/อบผ้า ฝาหน้า (10/6 Kg) รุ่น HWD100-BP14959S8,HWD100-BP14959S8,SELLABLE,WM,FL Wash&Dry,10-14KG
8855671016971,HAIER เครื่องซักผ้าฝาบน ขนาด 10 kg. HWM100-1826T สีขาว,HWM100-1826T,SELLABLE,WM,Top Load,10-14KG
S8855671016971,สินค้าตัวโชว์ HAIER เครื่องซักผ้า 1 ถัง ขนาด 10 kg. HWM100-1826T สีขาว,HWM100-1826T,DEMO,WM,Top Load,10-14KG
S8855671022408,สินค้าตัวโชว์ HAIER เครื่องซักผ้าฝาบน Top Load Fully Automatic HWM120-1701RS Self-Cleaning,HWM120-1701RS,DEMO,WM,Top Load,10-14KG
8855671018333,HAIER เครื่องซักผ้าฝาบน 12 kg. HWM120-1826T สีขาว,HWM120-1826T,SELLABLE,WM,Top Load,10-14KG
8855671029971,HAIER เครื่องซักผ้าฝาบน ขนาด 12 กิโล รุ่น HWM120-316S6 สีดำ,HWM120-316S6,SELLABLE,WM,Top Load,10-14KG
8855671028844,HAIER เครื่องซักผ้าฝาบน  ขนาด14 กก. รุ่น HWM140-1701RS Self-Cleaning สีดำ,HWM140-1701RS,SELLABLE,WM,Top Load,10-14KG
S8855671022392,สินค้าตัวโชว์ HAIER เครื่องซักผ้าฝาบน Top Load Fully Automatic HWM140-1701RS Self-Cleaning,HWM140-1701RS,DEMO,WM,Top Load,10-14KG
S8855671028844,สินค้าตัวโชว์ HAIER เครื่องซักผ้าฝาบน  ขนาด14 กก. รุ่น HWM140-1701RS Self-Cleaning สีดำ,HWM140-1701RS,DEMO,WM,Top Load,10-14KG
8855671028868,HAIER เครื่องซักผ้าฝาบน ขนาด 14 กก. รุ่น HWM140-1826T สีดำ,HWM140-1826T,SELLABLE,WM,Top Load,10-14KG
S8855671028868,สินค้าตัวโชว์ HAIER เครื่องซักผ้าฝาบน ขนาด 14 กก. รุ่น HWM140-1826T สีดำ,HWM140-1826T,DEMO,WM,Top Load,10-14KG
8855671029964,Haier เครื่องซักผ้าฝาบน ขนาด 15กก. รุ่น HWM150-316S6 สีดำ,HWM150-316S6,SELLABLE,WM,Top Load,15-19KG
8855671017459,Haier เครื่องซักผ้าอัตโนมัติ 16 KG.รุ่น  HWM160-1701D,HWM160-1701D,SELLABLE,WM,Top Load,15-19KG
S8855671017459,สินค้าตัวโชว์ Haier เครื่องซักผ้าอัตโนมัติ 16 KG.รุ่น  HWM160-1701D,HWM160-1701D,DEMO,WM,Top Load,15-19KG
8855671030205,HAIER เครื่องซักผ้าฝาบน ขนาด 16 kg. รุ่น HWM160-B278S6 สีดำ,HWM160-B278S6,SELLABLE,WM,Top Load,15-19KG
8855671030212,HAIER เครื่องซักผ้าฝาบน 18 กิโล รุ่น  HWM180-B278S6 สีดำ,HWM180-B278S6,SELLABLE,WM,Top Load,15-19KG
S8855671019347,สินค้าตัวโชว์ HAIER เครื่องซักผ้า 2 ถังกึ่งอัตโนมัติ 10 กก. HWM-T100 OXI สีขาว,HWM-T100 OXI,DEMO,WM,Twin Tub,10-14KG
S8855671028905,สินค้าตัวโชว์ HAIER เครื่องซักผ้า 2 ถัง กึ่งอัตโนมัติ 10 กก. รุ่น HWM-T100 OXI สีเทา,HWM-T100 OXI,DEMO,WM,Twin Tub,10-14KG
S8855671020732,สินค้าตัวโชว์ HAIER เครื่องซักผ้า 2 ถัง กึ่งอัตโนมัติ ขนาด 10.5 Kg HWM-T105N2 สีขาว,HWM-T105N2,DEMO,WM,Twin Tub,10-14KG
8855671020756,HAIER เครื่องซักผ้า 2 ถัง กึ่งอัตโนมัติ ขนาด 14 kg HWM-T140N2,HWM-T140N2,SELLABLE,WM,Twin Tub,10-14KG
S8855671020756,สินค้าตัวโชว์ HAIER เครื่องซักผ้า 2 ถัง กึ่งอัตโนมัติ ขนาด 14 kg HWM-T140N2 สีเทา,HWM-T140N2,DEMO,WM,Twin Tub,10-14KG
8855671011099,HAIER เครื่องซักผ้า 2 ถัง ขนาด 16 Kg. HWM-T160N,HWM-T160N,SELLABLE,WM,Twin Tub,15-19KG
S8855671011099,สินค้าตัวโชว์ HAIER เครื่องซักผ้า 2 ถัง ขนาด 16 Kg. HWM-T160N สีขาว,HWM-T160N,DEMO,WM,Twin Tub,15-19KG
8855671022484,HAIER เครื่องซักผ้า 2 ถัง กึ่งอัตโนมัติ ขนาดWash 18 kg HWM-T180N2 สีเทา,HWM-T180N2,SELLABLE,WM,Twin Tub,15-19KG
8855671020725,HAIER เครื่องซักผ้า 2 ถัง กึ่งอัตโนมัติ ขนาด Wash8.5kg /Spin 6kg HWM-T85N2,HWM-T85N2,SELLABLE,WM,Twin Tub,↓ 10KG
S8855671020725,สินค้าตัวโชว์ HAIER เครื่องซักผ้า 2 ถัง กึ่งอัตโนมัติ ขนาด Wash8.5kg /Spin 6kg HWM-T85N2 สีขาว,HWM-T85N2,DEMO,WM,Twin Tub,↓ 10KG
S6971926017684,สินค้าตัวโชว์ HAIER โทรทัศน์ Digital 32 นิ้ว LE32B9600T สีดำ,LE32B9600T,DEMO,TV,FHD,↓ 43"
S6971926011538,สินค้าตัวโชว์ HAIER Androld TV HD LED ขนาด 32 นิ้ว  32K9000T สีดำ,LE32K9000T,DEMO,TV,FHD,↓ 43"
S6971926015666,สินค้าตัวโชว์ HAIER  ทีวี 32นิ้ว  Smart Android 9 จอ LED  DigitalTV  รุ่น LE32M9000A สีดำ,LE32M9000A,DEMO,TV,FHD,↓ 43"
S6971926014195,สินค้าตัวโชว์ HAIER TV Digital Miracast Full HD ขนาด 42 นิ้ว  LE42K8000 สีดำ,LE42K8000,DEMO,TV,FHD,↓ 43"
S6971926015208,สินค้าตัวโชว์ HAIER Smart TV Android ขนาด 55 นิ้ว LE55B9600U สีดำ,LE55B9600U,DEMO,TV,UHD,55-58"
8855671030236,Haier ตู้แช่เครื่องดื่ม 3 ประตู ขนาด 37.6 คิว รุ่น SC-1065VC3 สีขาว,SC-1065VC3,SELLABLE,FZ,Beverage,20Q ↑
S8855671028516,สินค้าตัวโชว์ HAIER ตู้แช่เย็น 3 ประตู ขนาด 38.3 คิว รุ่น SC-165VC3 สีขาว,SC-165VC3,DEMO,FZ,Beverage,20Q ↑
8855671027472,HAIER ตู้แช่เครื่องดื่ม 1 ประตู ขนาด 10 คิว  รุ่น SC-310BC สีขาว,SC-310BC,SELLABLE,FZ,Beverage,↓ 10Q
8855671030229,HAIER ตู้แช่เครื่องดื่ม 1 ประตู 11.3 คิว SC-340BC-V4 สีขาว,SC-340BC-V4,SELLABLE,FZ,Beverage,10-14.9Q
8855671023061,HAIER ตู้แช่เครื่องดื่ม 1 ประตู 13.8 คิว SC-412BC-V2 สีขาว,SC-412BC-V2,SELLABLE,FZ,Beverage,10-14.9Q
8855671026833,HAIER ตู้แช่เครื่องดื่ม 2 ประตู ขนาด 27 คิว SC-763BC2,SC-763BC2,SELLABLE,FZ,Beverage,20Q ↑
S8855671026833,สินค้าตัวโชว์ HAIER ตู้แช่เครื่องดื่ม 2 ประตู ขนาด 25.8 คิว SC-763BC2 สีขาว,SC-763BC2,DEMO,FZ,Beverage,20Q ↑
8855671033442,HAIER ตู้แช่เครื่องดื่ม 2 ประตู SC-763BC3 ขนาด 25.8 คิว สีขาว,SC-763BC3,SELLABLE,FZ,Beverage,20Q ↑
8855671016353,HAIER ตู้แช่แข็งฝากระจกโค้ง SD-332A สีขาว,SD-332D,SELLABLE,FZ,Glass,↓ 10Q
8855671027311,HAIER ตู้แช่แข็ง ฝากระจกโค้ง  ขนาด 9.2 คิว รุ่น SD-332DP สีขาว,SD-332DP,SELLABLE,FZ,Glass,↓ 10Q
8855671027335,HAIER ตู้แช่แข็งฝากระจกโค้ง 12.9 คิว HAIER SD-517DP สีขาว,SD-517DP,SELLABLE,FZ,Glass,10-14.9Q
S8855671028769,สินค้าตัวโชว์ HAIER เครื่องซักผ้าฝาหน้า อินเวอร์เตอร์ 9.5 กก.  HW95-BP14929AS6  1400RPM  สีเทาเข้ม,HW95-BP14929AS6,DEMO,WM,Front Load,↓ 10KG
8855671020923,HAIER เครื่องทำน้ำอุ่น 3500 วัตต์ Mechanical Series  EI35E(DW) สีขาว,EI35E(DW),SELLABLE,WH,Digital,3500W
8855671022798,HAIER เครื่องทำน้ำอุ่น ขนาด 3500 วัตต์ EI35M1(S) สีเทา,EI35M1(S),SELLABLE,WH,Manual,3500W
8855671022781,HAIER เครื่องทำน้ำอุ่น ขนาด 3500 วัตต์ รุ่น EI35M1(W) สีขาว,EI35M1(W),SELLABLE,WH,Manual,3500W
8855671014182,HAIER เครื่องทำน้ำอุ่น ขนาด 3500 วัตต์ EI35M-B สีขาว,EI35M-B,SELLABLE,WH,Manual,3500W
8855671022743,HAIER เครื่องทำน้ำอุ่น ขนาด 4500 วัตต์ EI45G1(S) Digital สีเทา,EI45G1(S),SELLABLE,WH,Manual,4500W
8855671025232,HAIER เครื่องทำน้ำอุ่น ขนาด 4500 วัตต์ EI45H2(B) Digital สีดำ,EI45H2(B),SELLABLE,WH,Digital,4500W
8855671022804,HAIER เครื่องทำน้ำอุ่น ขนาด 4500 วัตต์ EI45M1(W) สีขาว,EI45M1(W),SELLABLE,WH,Manual,4500W
S6971926014980,สินค้าตัวโชว์ HAIER LED Digital TV  32 นิ้ว รุ่น H32F6000,H32F6000,DEMO,TV,FHD,↓ 43"
S8855671033312,สินค้าตัวโชว์ HAIER Smart TV ขนาด 32 นิ้ว รุ่น H32S80EFX สีดำ,H32S80EFX,DEMO,TV,QLED,↓ 43"
6971926017035,HAIER Smart TV Android ขนาด 43 นิ้ว รุ่น H43D6FG สีดำ,H43D6FG,SELLABLE,TV,FHD,43-50"
S6971926019954,สินค้าตัวโชว์ Haier Smart TV Android 11 ขนาด 43 นิ้ว รุ่น H43K6FG Plus สีดำ,H43K6FG PLUS,DEMO,TV,FHD,43-50"
6971926015253,HAIER Smart ทีวี Android ขนาด 50 นิ้ว H50K6UG สีดำ,H50K6UG,SELLABLE,TV,UHD,43-50"
S6971926019992,สินค้าตัวโชว์ HAIER โทรทัศน์  Smart TV 4K UHD รุ่น H55K6UG ขนาด 55  นิ้ว สีดำ,H55K6UG PLUS,DEMO,TV,UHD,55-58"
S6976454831863,สินค้าตัวโชว์ HAIER Smart TV ขนาด 55 นิ้ว รุ่น H55S80EUX สีดำ,H55S80EUX,DEMO,TV,QLED,55-58"
S6971926019626,"สินค้าตัวโชว์ HAIER โทรทัศน์ LED TV ขนาด 58 นิ้ว (4K, Android TV) รุ่น H58K66UG สีดำ",H58K66UG,DEMO,TV,UHD,55-58"
6971926017042,HAIER Smart TV Android 4K HQLED ขนาด 65 นิ้ว รุ่น H65S6UG PRO สีดำ,H65S6UG PRO,SELLABLE,TV,QLED,65-70"
S6976454831870,สินค้าตัวโชว์ HAIER Smart TV ขนาด 65 นิ้ว รุ่น H65S80EUX สีดำ,H65S80EUX,DEMO,TV,QLED,65-70"
6976454830019,HAIER Smart TV ขนาด 75 นิ้ว รุ่น H75S800UX สีดำ,H75S800UX,SELLABLE,TV,QLED,75" ↑
6971926012931,โทรทัศน์ Google TV QLED 4K รุ่น H98S900UX สีดำ,H98S900UX,SELLABLE,TV,QLED,75" ↑
8855671018722,HAIER หม้อทอดไร้น้ำมัน ขนาด 2.5 ลิตร HAF-K25B1 สีดำ,HAF-K25B1,SELLABLE,SDA,Air Frier,0
S6930265302967,สินค้าตัวโชว์ ตู้แช่ฝาทึบ 2 ระบบ รุ่น HCF-108C2 ขนาด 3.5 คิว สีขาว,HCF-108C2,DEMO,FZ,Chest,↓ 10Q
8855671022514,HAIER ตู้แช่ Chest Freezer 7.1 คิว HCF-200HM สีขาว,HCF-200HM,SELLABLE,FZ,Chest,↓ 10Q
S8855671022514,สินค้าตัวโชว์ HAIER ตู้แช่ Chest Freezer 7.1 คิว HCF-200HM สีขาว,HCF-200HM,DEMO,FZ,Chest,↓ 10Q
S8855671027816,สินค้าตัวโชว์ HAIER ตู้แช่ฝาทึบ 2 ระบบ ขนาด 5.0 คิว รุ่น HCF-208C2 สีขาว,HCF-208C2,DEMO,FZ,Chest,↓ 10Q
8855671016223,HAIER ตู้แช่ 2 ระบบ 5 คิว HCF-208H-2 สีขาว,HCF-208H-2,SELLABLE,FZ,Chest,↓ 10Q
S8855671027823,สินค้าตัวโชว์ HAIER ตู้แช่ฝาทึบ 2 ระบบ ขนาด 7.0 คิว รุ่น HCF-228C2 สีขาว,HCF-228C2,DEMO,FZ,Chest,↓ 10Q
S8855671024754,สินค้าตัวโชว์ HAIER ตู้แช่แข็งฝาทึบ 2 ระบบ ขนาด 10.8Q รุ่น HCF-350DP สีขาว,HCF-350DP,DEMO,FZ,Chest,10-14.9Q
8855671014090,"HAIER เครื่องปรับอากาศแบบตั้ง/แขวน Fixed Speed ขนาด 31,301 BTU HCFU-30CS410A สีขาว",HCFU-30CS410A,SELLABLE,CAC,CEILING,0
8855671030670,"Haier เครื่องปรับอากาศ แบบสี่ทิศทาง ขนาด 26,082 BTU รุ่น HCSI-25PSR32 (INVERTER) (ROUND FLOW INVERTER)",HCSI-25PSR32,SELLABLE,CAC,CASSETTE,0
8855671030717,"Haier เครื่องปรับอากาศ แบบสี่ทิศทาง ขนาด 36,528 BTU รุ่น HCSI-36PSR32 (INVERTER) (ROUND FLOW INVERTER) 220V.",HCSI-36PSR32,SELLABLE,CAC,CASSETTE,0
8855671018456,HAIER เครื่องปรับอากาศแบบตั้ง/แขวน Fixed Speed ขนาด 18000 BTU HCSU-18AS410A สีขาว,HCSU-18AS410A,SELLABLE,CAC,CASSETTE,0
S8855671026727,สินค้าตัวโชว์ HAIER เครื่องอบผ้าฝาหน้า ขนาด 10 กก. รุ่น HD100-AR959S สีดำ,HD100-AR959S,DEMO,WM,Dryer,10-14KG
S8855671016957,สินค้าตัวโชว์ HAIER เครื่องอบผ้า ขนาด 7 KG. Model HDV70E1 สีขาว,HDV70E1,DEMO,WM,Dryer,↓ 10KG
8855671023306,HAIER ไมโครเวฟ ขนาด 25L หน้าสแตนเลส HMW-E2501B สีดำ,HMW-E2501B,SELLABLE,SDA,Microwave,0
S8855671019866,สินค้าตัวโชว์ HAIER ตู้เย็น 1 ประตู Mini-Bar 1.7 คิว HR-50 สีเทาอ่อน,HR-50,DEMO,RF,1Dr,↓ 10Q
8855671023399,HAIER หม้อหุงข้าว 1.8 L HRC-M11801W สีชมพู,HRC-M11801W,SELLABLE,SDA,Rice Cooker,0
S8859474601426,สินค้าตัวโชว์ HAIER ตู้เย็น 1 ประตู 6.3 คิว  HR-DMBX18 CS สีเงิน,HR-DMBX18,DEMO,RF,1Dr,↓ 10Q
S8855671033718,สินค้าตัวโชว์ HAIER ตู้เย็น 2 ประตู รุ่น HRF-185MN (Fixed Speed) ขนาด 6.6 คิว สีดำ,HRF-185MN,DEMO,RF,2Dr,↓ 10Q
S8859474604687,สินค้าตัวโชว์ HAIER ตู้เย็น 2 ประตู รุ่น HRF-215MN (Fixed Speed) ขนาด 7.6 คิว สีดำ,HRF-215MN SS,DEMO,RF,2Dr,↓ 10Q
S8859474604694,สินค้าตัวโชว์ HAIER ตู้เย็น 2 ประตู รุ่น HRF-245MN (Fixed Speed) ขนาด 8.3 คิว สีดำ,HRF-245MN SS,DEMO,RF,2Dr,↓ 10Q
S8855671029100,สินค้าตัวโชว์ HAIER ตู้เย็น 2 ประตู ขนาด 10 คิว รุ่น HRF-285MNI สีเทา,HRF-285MNI,DEMO,RF,2Dr,10-14Q
S8859474603208,สินค้าตัวโชว์ HAIER ตู้เย็น 2 ประตู Inverter ขนาด 11.8 คิว รุ่น HRF-320MNI สีดำ,HRF-320MNI BK,DEMO,RF,2Dr,10-14Q
S8859474603215,สินค้าตัวโชว์ HAIER ตู้เย็น 2 ประตู 12.4 คิว  HRF-350MNI สีดำ,HRF-350MNI BK,DEMO,RF,2Dr,10-14Q
S8859474603819,สินค้าตัวโชว์ HAIER ตู้เย็น 4 ประตู ระบบ Inverter HRF-MD469GB ขนาด 16.1Q สีดำ,HRF-MD469G GB,DEMO,RF,Multi Dr,15-19Q
S8859474603802,สินค้าตัวโชว์ HAIER ตู้เย็น 4 ประตู ระบบ Inverter HRF-MD469M ขนาด 16.1Q สีดำ  ,HRF-MD469M MB,DEMO,RF,Multi Dr,15-19Q
S6901018091698,สินค้าตัวโชว์ HAIER ตู้เย็น 4 ประตู ระบบ Inverter HRF-MD679 GB Glass Black ขนาด 23.5Q สีดำ ,HRF-MD679GB,DEMO,RF,Multi Dr,20Q ↑
S6901018082399,สินค้าตัวโชว์ HAIER ตู้เย็น SBS 17Q รุ่น HRF-SBS490 สีดำด้าน,HRF-SBS490 SV,DEMO,RF,SBS,15-19Q
S8855671031493,สินค้าตัวโชว์ HAIER ตู้เย็น SIDE BY SIDE อินเวอร์เตอร์ ขนาด 21.7Q รุ่น HRF-SBS636MS สีดำ,HRF-SBS636 MS,DEMO,RF,SBS,20Q ↑
S8855671027267,สินค้าตัวโชว์ HAIER ตู้เย็น 2 ประตู ขนาด 6.5 คิว รุ่น HRF-THM18NS สีเทา,HRF-THM18NS,DEMO,RF,2Dr,↓ 10Q
8855671026734,HAIER ตู้เย็น 2 ประตู ขนาด 12.2 คิว HRF-THM35NS,HRF-THM35NS,SELLABLE,RF,2Dr,10-14Q
S8859474603697,สินค้าตัวโชว์ HAIER ตู้เย็น 1 ประตู ขนาด 5.3Q รุ่น HR-SD159F BE สีดำ,HR-SD159F BE,DEMO,RF,1Dr,↓ 10Q
S8859474603710,สินค้าตัวโชว์ HAIER ตู้เย็น 1 ประตู ขนาด 6.6Q รุ่น HR-SD199F BE สีดำ,HR-SD199F BE,DEMO,RF,1Dr,↓ 10Q
8855671027397,HAIER เครื่องปรับอากาศ 12000 BTU รุ่น HSU-12CQRA03T สีขาว,HSU-12CQRA03T,SELLABLE,AC,Fix Speed,12-13KBTU
8855671016735,HAIER เครื่องปรับอากาศ Inverter ขนาด 13000 BTU HSU-13VNR03T สีขาว,HSU-13VNR03T,SELLABLE,AC,Inverter,12-13KBTU
S8855671031776,สินค้าตัวโชว์ HAIER เครื่องซักผ้า 2 ถัง 13 kg รุ่น HTW130-1217BS,HTW130-1217BS,DEMO,WM,Twin Tub,10-14KG
S8855671031417,สินค้าตัวโชว์ HAIER เครื่องซักผ้า 2 ถัง 15 กก. รุ่น HTW150-1217BS,HTW150-1217BS,DEMO,WM,Twin Tub,15-19KG
S8855671025058,สินค้าตัวโชว์ HAIER เครื่องซักผ้าฝาหน้า ขนาด 10 Kg. รุ่น HW100-BP14959S6 สี dark gray,HW100-BP14959S6,DEMO,WM,Front Load,10-14KG
S8855671025072,สินค้าตัวโชว์ HAIER เครื่องซักผ้าฝาหน้า ขนาด 12kg  รุ่น HW120-BP14959S6  สี dark gray,HW120-BP14959S6,DEMO,WM,Front Load,10-14KG
S8855671026697,สินค้าตัวโชว์ HAIER เครื่องซักผ้าฝาหน้า รุ่น HW150-BP14986ES9 สีดำ,HW150-BP14986ES9,DEMO,WM,Front Load,15-19KG
8855671018067,HAIER เครื่องซักผ้าฝาหน้า 8 kg. HW80-BP10829 สีขาว,HW80-BP10829,SELLABLE,WM,Front Load,↓ 10KG
8855671025041,HAIER เครื่องซักผ้าฝาหน้า ขนาด 8kg HW80-BP12929 สีขาว,HW80-BP12929,SELLABLE,WM,Front Load,↓ 10KG
8855671031479,HAIER เครื่องซักผ้า/อบผ้า 15/10Kg รุ่นHWD150-BP14986ES8U1,HWD150-BP14986ES8U1,SELLABLE,WM,FL Wash&Dry,15-19KG
S8855671029971,สินค้าตัวโชว์ HAIER เครื่องซักผ้าฝาบน ขนาด 12 กิโล รุ่น HWM120-316S6 สีดำ,HWM120-316S6,DEMO,WM,Top Load,10-14KG
8855671020329,HAIER เครื่องซักผ้าหยอดเหรียญฝาบน 14kg HWM140-1701R(CB) สีขาว,HWM140-1701R(CB),SELLABLE,WM,Top Load,10-14KG
8855671022392,HAIER เครื่องซักผ้าฝาบน 14 Kg Top Load Fully Automatic HWM140-1701RS Self-Cleaning สีดำ,HWM140-1701RS,SELLABLE,WM,Top Load,10-14KG
S8855671029964,สินค้าตัวโชว์ Haier เครื่องซักผ้าฝาบน ขนาด 15กก. รุ่น HWM150-316S6 สีดำ,HWM150-316S6,DEMO,WM,Top Load,15-19KG
S8855671030205,สินค้าตัวโชว์ HAIER เครื่องซักผ้าฝาบน ขนาด 16 kg. รุ่น HWM160-B278S6 สีดำ,HWM160-B278S6,DEMO,WM,Top Load,15-19KG
S8855671030212,สินค้าตัวโชว์ HAIER เครื่องซักผ้าฝาบน 18 กิโล รุ่น  HWM180-B278S6 สีดำ,HWM180-B278S6,DEMO,WM,Top Load,15-19KG
S8855671022484,สินค้าตัวโชว์ HAIER เครื่องซักผ้า 2 ถัง กึ่งอัตโนมัติ ขนาดWash 18 kg HWM-T180N2 สีเทา,HWM-T180N2,DEMO,WM,Twin Tub,15-19KG
8855671027298,HAIER ตู้แช่ไวน์ HAIER JC-116 49 ขวด 4.2Q สีดำ,JC-116,SELLABLE,FZ,Wine,49Bottle
6925876328789,HAIER โทรทัศน์ ดิจิตอล 32 นิ้ว LE32K6000 สีดำ,LE32K6000,SELLABLE,TV,FHD,↓ 43"
6925876327911,HAIER โทรทัศน์ 50 นิ้ว LE50K6500UA สีดำ,LE50K6500UA,SELLABLE,TV,FHD,43-50"
S8855671030236,สินค้าตัวโชว์ Haier ตู้แช่เครื่องดื่ม 3 ประตู ขนาด 37.6 คิว รุ่น SC-1065VC3 สีขาว,SC-1065VC3,DEMO,FZ,Beverage,20Q ↑
S8855671023061,สินค้าตัวโชว์ HAIER ตู้แช่เครื่องดื่ม 1 ประตู 14.6 คิว SC-412BC-V2 สีขาว,SC-412BC-V2,DEMO,FZ,Beverage,10-14.9Q
S8855671033442,สินค้าตัวโชว์ HAIER ตู้แช่เครื่องดื่ม 2 ประตู SC-763BC3 ขนาด 25.8 คิว สีขาว,SC-763BC3,DEMO,FZ,Beverage,20Q ↑
S8855671027311,สินค้าตัวโชว์ HAIER ตู้แช่แข็ง ฝากระจกโค้ง  ขนาด 9.2 คิว รุ่น SD-332DP สีขาว,SD-332DP,DEMO,FZ,Glass,↓ 10Q
8859474601365,HAIER ตู้เย็น 1 ประตู 5.2 คิว  HR-DMBX15 CS สีซิลเวอร์,HR-DMBX15 CS,SELLABLE,RF,1Dr,↓ 10Q
8859474601426,HAIER ตู้เย็น 1 ประตู 6.3 คิว HR-DMBX18 CS สีเงิน,HR-DMBX18 CS,SELLABLE,RF,1Dr,↓ 10Q
8855671023283,HAIER ไมโครเวฟ ขนาด 23 ลิตร HMW-M2301W สีขาว,HMW-M2301W,SELLABLE,SDA,Microwave,0
8855671026741,HAIER ตู้เย็น 2 ประตู ขนาด 7.2 คิว รุ่น RHT-199OLFI สีดำ,RHT199OLFI,SELLABLE,RF,2Dr,↓ 10Q
8855671028905,HAIER เครื่องซักผ้า 2 ถัง กึ่งอัตโนมัติ 10 กก. รุ่น HWM-T100 OXI สีเทา,HWM-T100 OXI,SELLABLE,WM,Twin Tub,10-14KG
8855671016797,HAIER เครื่องปรับอากาศ Inverter ขนาด 24000 BTU HSU-24VNR03T สีขาว,HSU-24VNR03T,SELLABLE,AC,Inverter,24KBTU↑
8859474603321,HAIER ตู้เย็น 4 ประตู INVERTER รุ่น HRF-MDM448 ขนาด 16.1Q สีดำ,HRF-MDM448 KS,SELLABLE,RF,Multi Dr,15-19Q
8855671018265,HAIER หม้อทอดไร้น้ำมัน ขนาด 2.5 ลิตร Air Fryer HAF-K25B2 สีดำ,HAF-K25B2,SELLABLE,SDA,Air Frier,0
8855671023269,HAIER ไมโครเวฟ ขนาด 20 ลิตร HMW-M2001W สีขาว,HMW-M2001W,SELLABLE,SDA,Microwave,0
8855671019279,HAIER เครื่องซักผ้าฝาบน 8 กก. HWM80-1708T สีเทาอ่อน,HWM80-1708T,SELLABLE,WM,Top Load,↓ 10KG
8855671027625,HAIER เครื่องปรับอากาศติดผนัง พรีเมียม Inverter ขนาด 18500 BTU รุ่น HSU-18VFRA03T สีขาว,HSU-18VFRA03T,SELLABLE,AC,Inverter,18KBTU
8855671024990,HAIER เครื่องปั่นอเนกประสงค์ ขนาด 1.5 ลิตร 500W HBL-3320,HBL-3320,SELLABLE,SDA,Blender,0
8855671022736,HAIER เครื่องทำน้ำอุ่น ขนาด 3500 วัตต์ EI35G1(S) Digital สีเทา,EI35G1(S),SELLABLE,WH,Digital,3500W
8855671020732,HAIER เครื่องซักผ้า 2 ถัง กึ่งอัตโนมัติ ขนาด 10.5 Kg HWM-T105N2,HWM-T105N2,SELLABLE,WM,Twin Tub,10-14KG
8855671023429,HAIER หม้อหุงข้าว1.8 L HRC-E11804B สีดำ,HRC-E11804B,SELLABLE,SDA,Rice Cooker,0
8855671021302,HAIER เครื่องปรับอากาศ ขนาด 9000 BTU HSU-09VNS03T(H) สีขาว,HSU-09VNS03T(H),SELLABLE,AC,Inverter,10KBTU↓
8855671022125,HAIER เครื่องปรับอากาศ Fix speed ขนาด 18000 BTU HSU-18CTB03T สีขาว,HSU-18CTB03T,SELLABLE,AC,Fix Speed,18KBTU
8855671015899,HAIER เครื่องปรับอากาศ Fix Speed ขนาด 13000 BTU HSU-13CTR03T(H) สีขาว,HSU-13CTR03T(H),SELLABLE,AC,Fix Speed,12-13KBTU
8855671025522,HAIER เครื่องปรับอากาศ Inverter ขนาด 18000 BTU HSU-18VTRA03T สีขาว,HSU-18VTRA03T,SELLABLE,AC,Inverter,18KBTU
S8855671025188,สินค้าตัวโชว์ HAIER เครื่องทำน้ำอุ่น ขนาด 3500 วัตต์ EI35A2(W) สีขาว,EI35A2(W),MOCK_UP,WH,Manual,3500W
6971926011538,HAIER ทีวี HD LED 32 นิ้ว LE32K9000T สีดำ,LE32K9000T,SELLABLE,TV,FHD,↓ 43"
8855671020640,HAIER เครื่องซักผ้าอบผ้า Front Load 525 series 12.8 KG HWD120-B14876U1 สีเทา,HWD120-B14876U1,SELLABLE,WM,FL Wash&Dry,10-14KG
8855671023276,HAIER ไมโครเวฟ ขนาด 20 ลิตร HMW-M2002S สีซิลเวอร์,HMW-M2002S,SELLABLE,SDA,Microwave,0
8936017277727,HAIER ตู้เย็น 2 ประตู ฟรีซล่าง INVERTER 9.2 คิว HRF-BM255MI สีซิลเวอร์,HRF-BM255MI,SELLABLE,RF,BM,↓ 10Q
6925876327133,HAIER โทรทัศน์ 4K 55 นิ้ว LE55K6500UA สีดำ,LE55K6500UA,SELLABLE,TV,UHD,55-58"
8855671017824,HAIER เครื่องปรับอากาศ Inverter ขนาด 13000 BTU HSU-13VFA03T สีขาว,HSU-13VFA03T,SELLABLE,AC,Inverter,12-13KBTU
8855671026048,HAIER เครื่องบดอาหาร HFP7723A,HFP7723A,SELLABLE,SDA,Food Processor,0
S8855671019231,สินค้าตัวโชว์ HAIER  ตู้เย็น 2 ประตู 7.4 คิว  HRF-THM20N สีซิลเวอร์,HRF-THM20NS,DEMO,RF,2Dr,↓ 10Q
S8855671019248,สินค้าตัวโชว์ HAIER  ตู้เย็น 2 ประตู 9.4 คิว  HRF-THM25N สีซิลเวอร์,HRF-THM25NS,DEMO,RF,2Dr,↓ 10Q
S6971926011446,สินค้าตัวโชว์ HAIER โทรทัศน์ 4K ANDROID 9.0 65 นิ้ว LE65K8000UA สีดำ,LE65K8000UA,DEMO,TV,UHD,55-58"
S8859474601365,สินค้าตัวโชว์ HAIER ตู้เย็น 1 ประตู 5.2 คิว รุ่น HR-DMBX15 CS สีซิลเวอร์,HR-DMBX15 CS,DEMO,RF,1Dr,↓ 10Q
S8855671026741,สินค้าตัวโชว์ HAIER ตู้เย็น 2 ประตู ขนาด 7.2 คิว รุ่น RHT-199OLFI สีดำ,RHT199OLFI,DEMO,RF,2Dr,↓ 10Q
8855671016704,HAIER เครื่องปรับอากาศ Inverter ขนาด 9489 BTU HSU-10VNR03T สีขาว,HSU-10VNR03T,SELLABLE,AC,Inverter,10KBTU↓
8855671028516,HAIER ตู้แช่เย็น 3 ประตู ขนาด 38.3 คิว รุ่น SC-165VC3 สีขาว,SC-165VC3,SELLABLE,FZ,Beverage,20Q ↑
8855671023030,HAIER ตู้เย็น 1 ประตู 6.7 8 คิว HR-HM18 PS สีเทา,HR-HM18 PS,SELLABLE,RF,1Dr,↓ 10Q
8855671025461,HAIER เครื่องปรับอากาศ Inverter ขนาด 9000 BTU HSU-09VTRA03T สีขาว,HSU-09VTRA03T,SELLABLE,AC,Inverter,10KBTU↓
8855671018746,HAIER เครื่องปรับกาศ Inverter ขนาด 9000 BTU HSU-09VNS03T สีขาว,HSU-09VNS03T,SELLABLE,AC,Inverter,10KBTU↓
8855671018029,HAIER เครื่องซักผ้าฝาหน้า10 กก.  HW100-BP14826 สีขาว,HW100-BP14826,SELLABLE,WM,Front Load,10-14KG
8855671018777,HAIER เครื่องปรับอากาศ Inverter ขนาด 11400 BTU HSU-12VNS03T สีขาว,HSU-12VNS03T,SELLABLE,AC,Inverter,12-13KBTU
8855671021395,HAIER เครื่องปรับอากาศ ขนาด 24000 BTU HSU-24VNS03T(H) สีขาว,HSU-24VNS03T,SELLABLE,AC,Inverter,24KBTU↑
8855671022316,HAIER เครื่องปรับอากาศ Inverter ขนาด 15000 BTU  HSU-15VNS03T(H) สีขาว,HSU-15VNS03T(H),SELLABLE,AC,Inverter,15KBTU
8855671022453,HAIER ตู้เย็น 2 ประตู ขนาด 12.2Q HRF-THM36I สีเทา,HRF-THM36I,SELLABLE,RF,2Dr,10-14Q
8855671014960,HAIER ตู้เย็น 4 ประตู INVETER ขนาด 16.0 คิว HRF-456GG สีทอง,HRF-MD456 GG,SELLABLE,RF,Multi Dr,15-19Q
8855671027595,HAIER เครื่องปรับอากาศติดผนัง พรีเมียม Inverter ขนาด 12500 BTU รุ่น HSU-13VFRA03T สีขาว,HSU-13VFRA03T,SELLABLE,AC,Inverter,12-13KBTU
8855671024259,Haier เครื่องปรับอากาศสี่ทิศทาง รุ่น HCSI-48BSR32 สีขาว,HCSI-48BSR32,SELLABLE,CAC,CASSETTE,0
8855671021333,HAIER เครื่องปรับอากาศ ขนาด 12000 BTU HSU-12VNS03T(H) สีขาว,HSU-12VNS03T(H),SELLABLE,AC,Inverter,12-13KBTU
8855671017299,HAIER ตู้เย็น 2 ประตู  INVETER ขนาด 9.4 คิว  HRF-TMB26I สีเทา,HRF-TMB26I DS,SELLABLE,RF,2Dr,↓ 10Q
8855671020091,Haier เครื่องปรับอากาศตั้งแขวน Gale Cool Plus HCFI-40CSR32,HCFI-40CSR32,SELLABLE,CAC,CEILING,0
6925876328192,HAIER ทีวี ดิจิตอล ขนาด 43 นิ้ว LE43K6000 สีดำ,LE43K6000,SELLABLE,TV,FHD,43-50"
6971926011446,HAIER ทีวี 65 นิ้ว LED 4K UHD Android 9.0 LE65K8000UA สีดำ,LE65K8000UA,SELLABLE,TV,UHD,55-58"
8855671022156,"HAIER เครื่องปรับอากาศ Fix speed ขนาด 24,000 BTU HSU-24CTB03T สีขาว",HSU-24CTB03T,SELLABLE,AC,Fix Speed,24KBTU↑
8855671026529,HAIER ตู้แช่แข็งฝาทึบ ขนาด 15.2 คิว  HCF-478DP สีขาว,HCF-478DP,SELLABLE,FZ,Chest,15-19.9Q
8855671017084,HAIER เครื่องปรับอากาศ Fix speed 9000 BTU HSU-09CTB03T สีขาว,HSU-09CTB03T,SELLABLE,AC,Fix Speed,10KBTU↓
8855671015929,HAIER เครื่องปรับอากาศ Fix Speed ขนาด 18000 BTU HSU-18CTR03T(H) สีขาว,HSU-18CTR03T(H),SELLABLE,AC,Fix Speed,18KBTU
8855671017794,HAIER เครื่องปรับอากาศ Inverter HSU-10VFA03T สีขาว,HSU-10VFA03T,SELLABLE,AC,Inverter,10KBTU↓
8855671017886,HAIER เครื่องปรับอากาศ Inverter ขนาด 24000 BTU HSU-24VFA03T สีขาว,HSU-24VFA03T,SELLABLE,AC,Inverter,24KBTU↑
S8855671014946,สินค้าตัวโชว์ HAIER  ตู้เย็น side by side ขนาด 16 คิว HRF-MD456GB สีดำ,HRF-MD456 GB,DEMO,RF,Multi Dr,15-19Q
8855671023078,HAIER เครื่องซักผ้าฝาบน SELF-CLEANING 14 กก. HWM140-1702DS:HAT/Top Load สีเทา,HWM140-1702DS,SELLABLE,WM,Top Load,10-14KG
8855671027366,HAIER เครื่องปรับอากาศ 9000 BTU รุ่น HSU-09CQRA03T สีขาว,HSU-09CQRA03T,SELLABLE,AC,Fix Speed,10KBTU↓
8855671014625,HAIER เครื่องซักผ้าอัตโนมัติ ขนาด 14 Kg. HWM140-1701D สีดำ-เงิน,HWM140-1701D,SELLABLE,WM,Top Load,10-14KG
8855671018159,HAIER ตู้เย็น 2 ประตู Navi Colling 8.4Q HRF-230 MNIDL สีเงิน,HRF-230MNIDL SV,SELLABLE,RF,2Dr,↓ 10Q
8855671024228,"Haier เครื่องปรับอากาศ แบบสี่ทิศทาง ขนาด 40,800 BTU รุ่น HCSI-40BTR32 (INVERTER) (ROUND FLOW INVERTER)",HCSI-40BTR32,SELLABLE,CAC,CASSETTE,0
8855671015806,HAIER เครื่องทำน้ำอุ่น ขนาด 3500 วัตต์ EI35EH-B สีขาว,EI35EH-B,SELLABLE,WH,Manual,3500W
8855671025492,HAIER เครื่องปรับอากาศ Inverter 12000BTU HSU-12VTRA03T สีขาว,HSU-12VTRA03T,SELLABLE,AC,Inverter,12-13KBTU
8855671021364,HAIER เครื่องปรับอากาศ ขนาด 18000 BTU HSU-18VNS03T(H) สีขาว,HSU-18VNS03T(H),SELLABLE,AC,Inverter,18KBTU
S8855671018333,สินค้าตัวโชว์ HAIER เครื่องซักผ้าฝาบน 12 kg. HWM120-1826T สีขาว,HWM120-1826T,DEMO,WM,Top Load,10-14KG
8855671021128,HAIER เครื่องปรับอากาศ INVERTER ขนาด 18000 BTU HSU-18VIP03T VIP Series สีขาว,HSU-18VIP03T,SELLABLE,AC,Inverter,18KBTU
8855671015868,HAIER เครื่องปรับอากาศ Fix Speed HSU-10CTR03T(H) สีขาว,HSU-10CTR03T(H),SELLABLE,AC,Fix Speed,10KBTU↓
8855671018838,HAIER เครื่องปรับอากาศ Inverter ขนาด 22800 BTU HSU-24VNS03T สีขาว,HSU-24VNS03T,SELLABLE,AC,Inverter,24KBTU↑
8855671027656,HAIER เครื่องปรับอากาศติดผนัง พรีเมียม Inverter ขนาด 24400 BTU รุ่น HSU-24VFRA03T สีขาว,HSU-24VFRA03T,SELLABLE,AC,Inverter,24KBTU↑
8855671020862,HAIER เครื่องทำน้ำอุ่น 3500วัตต์ Eco Series  EI35M(AES) สีเงิน,EI35M(AES),SELLABLE,WH,Manual,3500W
S8855671025195,สินค้าตัวโชว์ HAIER เครื่องทำน้ำอุ่น ขนาด 4500 วัตต์ EI45A2(W) สีขาว,EI45A2(W),MOCK_UP,WH,Manual,4500W
6971926017653,HAIER โทรทัศน์ 39 นิ้ว  LE39K8000 สีดำ,LE39K8000,SELLABLE,TV,FHD,↓ 43"
8855671016261,HAIER ตู้แช่ ฝาทึบ 15.2 คิว HCF-478H-2 สีขาว,HCF-478H-2,SELLABLE,FZ,Chest,15-19.9Q
8855671025089,HAIER เตาแม่เหล็กไฟฟ้า A3B สีดำ,A3B,SELLABLE,SDA,Induction Cooker,0
8855671018807,HAIER เครื่องปรับอากาศ Inverter ขนาด 17100 BTU HSU-18VNS03T สีขาว,HSU-18VNS03T,SELLABLE,AC,Inverter,18KBTU
S8855671019279,สินค้าตัวโชว์ HAIER เครื่องซักผ้าฝาบน 8 กก.  HWM80-1708T สีขาว,HWM80-1708T,DEMO,WM,Top Load,↓ 10KG
8855671030878,HAIER ตู้แช่ไวน์  JC-198 54.3Q 84 ขวด สีดำ,JC-198,SELLABLE,FZ,Wine,84Bottle
8855671027564,HAIER เครื่องปรับอากาศติดผนัง พรีเมียม Inverter ขนาด 9500 BTU รุ่น HSU-10VFRA03T สีขาว,HSU-10VFRA03T,SELLABLE,AC,Inverter,10KBTU↓
6930265383966,HAIER ตู้แช่ 2 ระบบ Low Frost 7.0 คิว FST-228H-2 สีขาว,FST-228H-2,SELLABLE,FZ,Chest,↓ 10Q
8855671016445,HAIER ตู้แช่2 ระบบ 3.7คิว HCF-108H-2A (WW) สีขาว,HCF-108H-2A WW,SELLABLE,FZ,Chest,↓ 10Q
8855671021098,HAIER เครื่องปรับอากาศ INVERTER ขนาด 12031BTU HSU-13VIP03T VIP Series สีขาว,HSU-13VIP03T,SELLABLE,AC,Inverter,12-13KBTU
8855671014151,"Haier เครื่องปรับอากาศ แบบตั้งแขวน Fix Speed 40,536 BTU. HCFU-40CS410A",HCFU-40CS410A,SELLABLE,CAC,CEILING,0
8855671022408,HAIER เครื่องซักผ้าฝาบน 12 Kg Top Load Fully Automatic HWM120-1701RS Self-Cleaning สีดำ,HWM120-1701RS,SELLABLE,WM,Top Load,10-14KG
8855671030779,"Haier เครื่องปรับอากาศแบบตั้งแขวน Inverter CFI-30PSR32 (220V.) R32 30,070 BTU.",HCFI-30PSR32,SELLABLE,CAC,CEILING,0
8855671019347,HAIER เครื่องซักผ้า 2 ถังกึ่งอัตโนมัติ 10 กก. HWM-T100 OXI สีขาว,HWM-T100 OXI,SELLABLE,WM,Twin Tub,10-14KG
8855671021166,HAIER ตู้แช่ฝาทึบ ขนาด 15.2คิว HCF-478C สีขาว,HCF-478C,SELLABLE,FZ,Chest,15-19.9Q
8855671026574,"HAIER เครื่องปรับอากาศ Inverter ขนาด 24,000 BTU HSU-24VTRA03T สีขาว",HSU-24VTRA03T,SELLABLE,AC,Inverter,24KBTU↑
S8855671018050,สินค้าตัวโชว์ HAIER เครื่องซักผ้าฝาหน้า 7 กก.  HW70-BP10829 สีขาว,HW70-BP10829,DEMO,WM,Front Load,↓ 10KG
8855671026277,HAIER เครื่องนึ่งอบฆ่าเชื้อขวดนม BB3000-GS สีขาว,BB3000-GS,SELLABLE,SDA,Other,0
8855671018135,HAIER ตู้แช่แนวตั้ง ขนาด 8 คิว BD-226WL สีทอง,BD-226WL,SELLABLE,FZ,Vertical,↓ 10Q
6971926015277,HAIER SMART ทีวี Android ขนาด 58 นิ้ว H58K6UG สีดำ,H58K6UG,SELLABLE,TV,UHD,55-58"
8855671026765,HAIER ตู้แช่แข็งฝาทึบ ขนาด 25.4 คิว  HCF-728DP สีขาว,HCF-728DP,SELLABLE,FZ,Chest,20Q ↑
8855671019217,HAIER ตู้แช่เบียร์วุ้น ขนาด 142L/ 5Q จุได้ 40 ขวด HCF-SB08FL สีขาว,HCF-SB208,SELLABLE,FZ,Chest,↓ 10Q
8855671024105,Haier เครื่องปรับอากาศสี่ทิศทาง ขนาด 32000 BTU รุ่น HCSI-30BSR32 สีขาว,HCSI-30BSR32,SELLABLE,CAC,CASSETTE,0
8855671018715,HAIER เตาแก๊สแบบฝังหน้ากระจก 2 หัวเตา HGH302G สีดำ,HGH302G,SELLABLE,KT,Hob,0
8855671018678,เตาไฟฟ้าแบบฝัง 2 หัวเตา HIH302T-B1 Haier,HIH302T-B1,SELLABLE,KT,Hob,0
8855671023368,HAIER หม้อหุงข้าวดิจิตอล 1 ลิตร HRC-E11201W สีขาว,HRC-E11201W,SELLABLE,SDA,Rice Cooker,0
8855671017695,HAIER ตู้เย็น 1 ประตู  ขนาด 5.2 คิว MUSE SERIES  HR-CEQ15 สีเทา,HR-CEQ15 HS,SELLABLE,RF,1Dr,↓ 10Q
8859474601372,Haier ตู้เย็น 1 ประตู 5.2 คิว รุ่น HR-DMBX15 CB สีน้ำเงิน,HR-DMBX15 CB,SELLABLE,RF,1Dr,↓ 10Q
8859474601389,Haier ตู้เย็น 1 ประตู 5.2 คิว รุ่น HR-DMBX15 CC สีช็อคโกแลต,HR-DMBX15 CC,SELLABLE,RF,1Dr,↓ 10Q
8859474601419,HAIER ตู้เย็น 1 ประตู 5.2 คิว HR-DMBX15 CG สีทอง,HR-DMBX15 CG,SELLABLE,RF,1Dr,↓ 10Q
8859474601402,Haier ตู้เย็น 1 ประตู 5.2 คิว รุ่น HR-DMBX15 CP สีม่วง ,HR-DMBX15 CP,SELLABLE,RF,1Dr,↓ 10Q
8859474601433,Haier ตู้เย็น 1 ประตู 6.3 คิว รุ่น HR-DMBX18 CB สีน้ำเงิน,HR-DMBX18 CB,SELLABLE,RF,1Dr,↓ 10Q
8859474601440,Haier ตู้เย็น 1 ประตู 6.3 คิว รุ่น HR-DMBX18 CC สีช็อคโกแลต,HR-DMBX18 CC,SELLABLE,RF,1Dr,↓ 10Q
8936017277659,HAIER ตู้เย็น 2 ประตู ฟรีซล่าง INVERTER 11.4 คิว  HRF-BM325GI สีดำ,HRF-BM325GI,SELLABLE,RF,BM,10-14Q
8855671023184,HAIER ตู้เย็น 4 ประตู 12 คิว  HRF-MD350 GB สีดำ,HRF-MD350 GB,SELLABLE,RF,Multi Dr,10-14Q
6901018064104,HAIER ตู้เย็น 4 ประตูหน้าบานกระจกแก้ว 22.6 คิว HRF-MD620 สีดำคริสตัล,HRF-MD620GB,SELLABLE,RF,Multi Dr,20Q ↑
8855671015189,HAIER ตู้เย็น side by side ขนาด 18.6 คิว HRF-SBS528GB สีดำ,HRF-SBS528 GB,SELLABLE,RF,SBS,15-19Q
8855671015196,HAIER INVETER ตู้เย็น SIDE BY SIDE  ขนาด 18.6 คิว  HRF-SBS528GG สีทอง,HRF-SBS528 GG,SELLABLE,RF,SBS,15-19Q
8855671015172,ตู้เย็น SIDE BY SIDE  HAIER INVETER ขนาด 18.6 คิว รุ่น HRF-SBS582GS สีเทา,HRF-SBS528 GS,SELLABLE,RF,SBS,15-19Q
8855671021982,HAIER ตู้เย็น SBS 21.3 คิว HRF-SBS600 สีกระจกสีน้ำตาล,HRF-SBS600 GBR,SELLABLE,RF,SBS,20Q ↑
8855671017152,HAIER ตู้เย็น 2 ประตู  ขนาด 7.8 คิว  HRF-TMB22N สีเทา,HRF-TMB22N,SELLABLE,RF,2Dr,↓ 10Q
8855671017282,HAIER ตู้เย็น 2 ประตู  INVETER ขนาด 8.6 คิว  HRF-TMB24I สีเทา,HRF-TMB24I MB,SELLABLE,RF,2Dr,0
8855671022897,HAIER ตู้เย็น 1 ประตู 5.5 คิว HR-HM15 PS สีเงิน,HR-HM15 PS,SELLABLE,RF,1Dr,↓ 10Q
8855671018036,HAIER เครื่องซักผ้าอบผ้า Front Load 525 series 10/7 KG HWD100-B14876U1 สีขาว,HW100-B14876,SELLABLE,WM,Front Load,10-14KG
8855671022873,HAIER เครื่องซักผ้าฝาหน้า 10kg BLDC inverter HW100-BP10829 สีขาว,HW100-BP10829,SELLABLE,WM,Front Load,10-14KG
8855671025058,HAIER เครื่องซักผ้าฝาหน้า ขนาด 10 Kg. รุ่น HW100-BP14959S6 สี dark gray,HW100-BP14959S6,SELLABLE,WM,Front Load,10-14KG
8855671018043,HAIER เครื่องซักผ้าฝาหน้า อินเวอร์เตอร์ 12 กก. HW120-BD14876 สีเทา,HW120-BD14876,SELLABLE,WM,Front Load,10-14KG
8855671017039,HAIER เครื่องซักผ้า ฝาหน้า 7 KG. HW70-BP12636S สีขาว,HW70-BP10829,SELLABLE,WM,Front Load,↓ 10KG
8855671022842,HAIER เครื่องซักอบผ้าฝาหน้า อินเวอร์เตอร์ 15/10 กก. HWD150-B1601U1 สีเงิน,HWD150-B1601U1,SELLABLE,WM,FL Wash&Dry,15-19KG
8855671014656,HAIER เครื่องซักผ้าอัตโนมัติ ขนาด 10 Kg. HWM100-1701R สีขาว,HWM100-1826T,SELLABLE,WM,Top Load,10-14KG
8855671026017,HAIER เครื่องซักผ้าหยอดเหรียญฝาบน ขนาด 10 Kg. HWM100-1826T CB สีซิลเวอร์,HWM100-1826T(CB),SELLABLE,WM,Top Load,10-14KG
8855671019354,HAIER เครื่องซักผ้า 2 ถัง กึ่งอัตโนมัติ 12 กก. HWM-T120 OXI สีเทาอ่อน,HWM120,SELLABLE,WM,Top Load,10-14KG
8855671014663,HAIER เครื่องซักผ้าอัติโนมัติ ขนาด 12 Kg. HWM120-1701R สีขาว,HWM120-1826T,SELLABLE,WM,Top Load,10-14KG
8855671021777,HAIER เครื่องซักผ้าฝาบน SELF-CLEANING 13 กก. HWM130-1702DS  สีเทา,HWM130-1702DS,SELLABLE,WM,Top Load,10-14KG
8855671026031,HAIER เครื่องซักผ้าหยอดเหรียญฝาบน ขนาด 14 Kg. HWM140-1826T CB สีซิลเวอร์,HWM140-1826T(CB),SELLABLE,WM,Top Load,10-14KG
8855671019361,HAIER เครื่องซักผ้า 2 ถัง กึ่งอัตโนมัติ 14 กก. HWM-T140 OXI สีเทาอ่อน,HWM140 OXIGB,SELLABLE,WM,Top Load,10-14KG
8855671018111,HAIER ตู้แช่ไวน์ Wine Cellar  JC-360 สีดำ,JC-360,SELLABLE,FZ,Wine,171Bottle
8855671026130,HAIER ตู้แช่เย็น 3 ประตู ขนาด 55.3 คิว (1564L) SC-2600PCS3-V3 สีขาว,SC-2600PCS3-V3,SELLABLE,FZ,Beverage,20Q ↑
885567101442,HAIER เครื่องปรับอากาศ Inverter ขนาด 9000 BTU HSU-10VNQ03T (N) สีขาว,HSU-10VNQ03T,SELLABLE,AC,Inverter,10KBTU↓
8855671016766,HAIER เครื่องปรับอากาศ Inverter ขนาด 18000 BTU HSU-18VNR03T สีขาว,HSU-18VNR03T,SELLABLE,AC,Inverter,18KBTU
S8855671022125,สินค้าตัวโชว์ HAIER เครื่องปรับอากาศ Fix speed ขนาด 18000 BTU HSU-18CTB03T สีขาว,HSU-18CTB03T,MOCK_UP,AC,Fix Speed,18KBTU
S8855671025461,สินค้าตัวโชว์ HAIER เครื่องปรับอากาศ Inverter ขนาด 9000 BTU HSU-09VTRA03T สีขาว,HSU-09VTRA03T,MOCK_UP,AC,Inverter,10KBTU↓
S8855671025522,สินค้าตัวโชว์ HAIER เครื่องปรับอากาศ Inverter ขนาด 18000 BTU HSU-18VTRA03T สีขาว,HSU-18VTRA03T,MOCK_UP,AC,Inverter,18KBTU
S8855671026574,"สินค้าตัวโชว์ HAIER เครื่องปรับอากาศ Inverter ขนาด 24,000 BTU HSU-24VTRA03T สีขาว",HSU-24VTRA03T,MOCK_UP,AC,Inverter,24KBTU↑
885567000000,HAIER เครื่องปรับอากาศ Inverter ขนาด 9000 BTU HSU-10VNQ03T (N) สีขาว,HSU-10VNQ03T,SELLABLE,AC,Inverter,10KBTU↓
8855671024198,"Haier เครื่องปรับอากาศแบบฝังใต้ฝ้าสี่ทิศทาง ขนาด 40,800 BTU รุ่น HCSI-40BSR32",HCSI-40BSR32,SELLABLE,CAC,CASSETTE,0
885567102436,Haier เครื่องปรับอากาศสี่ทิศทาง Round Flow รุ่น HCSI-36BSR32 สีขาว,HCSI-36BSR32,SELLABLE,CAC,CASSETTE,0
8855671012072,ตู้แช่ฝาทึบ Haier 5.0 คิว/142 ลิตร สีขาว รุ่น HCF-208H-2 (N),HCF-208H-2,SELLABLE,FZ,Chest,↓ 10Q
8855671012089,ตู้แช่ฝาทึบ Haier 6.9 คิว/198 ลิตร สีขาว รุ่น HCF-228H-2 (N2),HCF-228H-2,SELLABLE,FZ,Chest,↓ 10Q
8855671012096,ตู้แช่ฝาทึบ Haier 11.2 คิว/319 ลิตร สีขาว รุ่น HCF-368H-2 (N2),HCF-368H-2,SELLABLE,FZ,Chest,10-14.9Q
8855671012119,HAIER ตู้แช่ฝาทึบ  15.2 คิว/429 ลิตร  HCF-478H-2 (N2) สีขาว,HCF-478H-2,SELLABLE,FZ,Chest,15-19.9Q
8855671016230,HAIER ตู้แช่ 2 ระบบ 6.9 คิว HCF-228H-2 สีขาว,HCF-228H-2,SELLABLE,FZ,Chest,↓ 10Q
8855671019897,HAIER ตู้แช่เครื่องดื่ม 3 ประตู 57 คิว SC-2600PCS3-V2 สีขาว,SC-2600PCS3-V2,SELLABLE,FZ,Beverage,20Q ↑
8855671020220,HAIER ตู้แช่เครื่องดื่ม 1 ประตู 7.4 คิว SC-240BC สีขาว,SC-240BC,SELLABLE,FZ,Beverage,↓ 10Q
8855671021180,HAIER ตู้แช่ฝาทึบ 2 ระบบ 25.4 คิว HCF-728C สีขาว,HCF-728C,SELLABLE,FZ,Chest,20Q ↑
S8855671021166,สินค้าตัวโชว์ HAIER  ตู้แช่ฝาทึบ ขนาด 15.2 คิว  HCF-478C สีขาว,HCF-478C,DEMO,FZ,Chest,15-19.9Q
6930270000000,HAIER ตู้แช่ฝาทึบ 2 ระบบ ขนาด 3.5 คิว รุ่น HCF-108C2 สีขาว,HCF-108C2,SELLABLE,FZ,Chest,↓ 10Q
8855671016315,ตู้แช่ 2 ระบบ 13 คิว FCD395H-2,FCD395H-2,SELLABLE,FZ,Chest,10-14.9Q
8855671018609,HAIER เตาแก๊สแบบฝังหน้ากระจก 2 หัวเตา HGH732K-B2,HGH732K-B2,SELLABLE,KT,Hob,0
8855671018616,HAIER เตาแก๊สแบบฝังหน้ากระจก 2 หัวเตา HGH732KF-B2 สีดำ,HGH732KF-B2,SELLABLE,KT,Hob,0
8855671018692,HAIER เตาไฟฟ้าแบบฝัง 2 หัวเตา HCH302T-B1 สีดำ,HCH302T-B1,SELLABLE,KT,Hob,0
8855671019286,HAIER เตาแก๊สหน้ากระจกแบบตั้งโต๊ะ 2 หัวเตาผสม HDH722-T สีดำ,HDH722-T,SELLABLE,KT,Hob,0
8855671022620,HAIER เตาแก๊สตั้งโต๊ะหน้ากระจก 2 หัวเตาผสม HGH-TG753,HGH-TG753,SELLABLE,KT,Hob,0
8855671017312,HAIER ตู้เย็น 2 ประตู  INVETER ขนาด 11.9 คิว HRF-TMB34I สีเทา,HRF-TMB34I,SELLABLE,RF,2Dr,10-14Q
8855671017701,ตู้เย็น 1 ประตู HAIER ขนาด 6.3 คิว MUSE SERIES รุ่น HR-CEQ18 สีฟ้า,HR-CEQ18X CB,SELLABLE,RF,1Dr,↓ 10Q
8855671017718,HAIER ตู้เย็น 1 ประตู ขนาด 6.3 คิว MUSE SERIES  HR-CEQ18 สีเขียว,HR-CEQ18 HG,SELLABLE,RF,1Dr,↓ 10Q
8855671017725,ตู้เย็น 1 ประตู HAIER ขนาด 6.3 คิว MUSE SERIES รุ่น HR-CEQ18 สีส้ม,HR-CEQ18 HO,SELLABLE,RF,1Dr,↓ 10Q
8855671017732,HAIER ตู้เย็น 1 ประตู ขนาด 6.3 คิว  MUSE SERIES  HR-CEQ18 สีชมพู,HR-CEQ18X CP,SELLABLE,RF,1Dr,↓ 10Q
8855671017749,HAIER ตู้เย็น 1 ประตู  ขนาด 6.3 คิว MUSE SERIES  HR-CEQ18 สีเทา,HR-CEQ18X CS,SELLABLE,RF,1Dr,↓ 10Q
S8855671022460,สินค้าตัวโชว์ HAIER ตู้เย็น 2 ประตู ขนาด 15.4 คิว  HRF-THM42I สีเทา,HRF-THM42I,DEMO,RF,2Dr,10-14Q
8936020000000,HAIER ตู้เย็น 2 ประตู ฟรีซล่าง INVERTER 11.4 คิว  HRF-BM325GI สีดำ,HRF-BM325GI,SELLABLE,RF,BM,10-14Q
S8855671023276,สินค้าตัวโชว์ HAIER ไมโครเวฟ ขนาด 20 ลิตร HMW-M2002S สีซิลเวอร์,HMW-M2002S,DEMO,SDA,Microwave,0
S8855671023283,สินค้าตัวโชว์ HAIER ไมโครเวฟ ขนาด 23 ลิตร HMW-M2301W สีขาว,HMW-M2301W,DEMO,SDA,Microwave,0
S8855671023368,สินค้าตัวโชว์ HAIER หม้อหุงข้าวดิจิตอล 1 ลิตร HRC-E11201W สีขาว,HRC-E11201W,DEMO,SDA,Rice Cooker,0
S8855671023399,สินค้าตัวโชว์ HAIER หม้อหุงข้าว 1.8 ลิตร HRC-M11801W สีชมพู,HRC-M11801W,DEMO,SDA,Rice Cooker,0
S8855671023429,สินค้าตัวโชว์ HAIER หม้อหุงข้าว1.8 ลิตร HRC-E11804B สีดำ,HRC-E11804B,DEMO,SDA,Rice Cooker,0
S8855671024990,สินค้าตัวโชว์ HAIER เครื่องปั่นอเนกประสงค์ 500W ขนาด 1.5 ลิตร รุ่น HBL-3320 สีเทา,HBL-3320,DEMO,SDA,Blender,0
S8855671026048,สินค้าตัวโชว์ HAIER เครื่องบดอาหาร ความจุ 0.9 ลิตร HFP7723A สีเงิน,HFP7723A,DEMO,SDA,Food Processor,0
6925876326808,HAIER โทรทัศน์ ขนาด 43 นิ้ว LE43K6500A สีดำ,LE43K6500A,SELLABLE,TV,FHD,43-50"
6925876329205,HAIER โทรทัศน์ 40 นิ้ว LE40K6000 สีดำ,LE40K6000,SELLABLE,TV,FHD,↓ 43"
6971926011576,HAIER สมาร์ททีวี UHD LED 65 นิ้ว LE65M9000UA สีดำ,LE65M9000UA,SELLABLE,TV,FHD,65-70"
6971926012139,HAIER สมาร์ททีวี 58 นิ้ว LE58K6500UA สีดำ,LE58K6500UA,SELLABLE,TV,UHD,55-58"
6971926014195,HAIER โทรทัศน์ Digital Miracast Full HD ขนาด 42 นิ้ว LE42K8000 สีดำ,LE42K8000,SELLABLE,TV,FHD,↓ 43"
6971926015208,HAIER SMART ทีวี Android ขนาด 55 นิ้ว LE55B9600U สีดำ,LE55B9600U,SELLABLE,TV,UHD,55-58"
6971926015666,HAIER  ทีวี 32นิ้ว  Smart Android 9 จอ LED  DigitalTV  รุ่น LE32M9000A สีดำ,LE32M9000A,SELLABLE,TV,FHD,↓ 43"
6971926017684,HAIER โทรทัศน์ Digital 32 นิ้ว LE32B9600T สีดำ,LE32B9600T,SELLABLE,TV,FHD,↓ 43"
6971926017707,HAIER โทรทัศน์ Smart TV 49 นิ้ว LE49K6500UA สีดำ,LE49K6500UA,SELLABLE,TV,FHD,43-50"
657206000000,HAIER Smart TV ขนาด 32 นิ้ว รุ่น H32S80EFX สีดำ,H32S80EFX,SELLABLE,TV,QLED,↓ 43"
6925880000000,HAIER โทรทัศน์ ขนาด 43 นิ้ว LE43K6500A สีดำ,LE43K6500A,SELLABLE,TV,FHD,43-50"
6976450000000,HAIER Smart TV ขนาด 75 นิ้ว รุ่น H75S800UX สีดำ,H75S800UX,SELLABLE,TV,QLED,75" ↑
0657206495323,HAIER Smart TV ขนาด 32 นิ้ว รุ่น H32S80EFX สีดำ,H32S80EFX,SELLABLE,TV,QLED,↓ 43"
S6976454830019,สินค้าตัวโชว์ HAIER Smart TV ขนาด 75 นิ้ว รุ่น H75S800UX สีดำ,H75S800UX,DEMO,TV,QLED,75" ↑
S8855671033336,สินค้าตัวโชว์ HAIER Smart TV Android ขนาด 43 นิ้ว รุ่น H43S80EUX สีดำ,H43S80EUX,DEMO,TV,QLED,43-50"
8855671020879,HAIER เครื่องทำน้ำอุ่น 4500วัตต์ Eco Series  EI45M(AE) สีขาว,EI45M(AE),SELLABLE,WH,Manual,4500W
8855671020954,HAIER เครื่องทำน้ำอุ่น 4500 วัตต์ Mechanical Series  EI45E(DG) สีทอง,EI45E(DG),SELLABLE,WH,Digital,4500W
8855671022750,HAIER เครื่องทำน้ำอุ่น ขนาด 3500 วัตต์ EI35G2(G) Digital LED สีทอง,EI35G2(G),SELLABLE,WH,Digital,3500W
8855671022774,HAIER เครื่องทำน้ำอุ่น ขนาด 6000 วัตต์  EI60G2(G) Digital LED สีทอง,EI60G2(G),SELLABLE,WH,Digital,6000W
S8855671022736,สินค้าตัวโชว์ HAIER เครื่องทำน้ำอุ่น ขนาด 3500 วัตต์ EI35G1(S) Digital สีเทา,EI35G1(S),MOCK_UP,WH,Digital,3500W
S8855671022743,สินค้าตัวโชว์ HAIER เครื่องทำน้ำอุ่น ขนาด 4500 วัตต์ EI45G1(S) Digital สีเทา,EI45G1(S),MOCK_UP,WH,Manual,4500W
S8855671022798,สินค้าตัวโชว์ HAIER เครื่องทำน้ำอุ่น ขนาด 3500 วัตต์ EI35M1(S) สีเทา,EI35M1(S),MOCK_UP,WH,Manual,3500W
S8855671022804,สินค้าตัวโชว์ Haier เครื่องทำน้ำอุ่น ขนาด 4500 วัตต์ EI45M1(W) สีขาว,EI45M1(W),MOCK_UP,WH,Manual,4500W
8855671014632,เครื่องซักผ้าอัติโนมัติ Haier ขนาด 17 Kg.  รุ่น HWM170-1701D,HWM170-1701D,SELLABLE,WM,Top Load,15-19KG
8855671014670,HAIER เครื่องซักผ้าอัตโนมัติ ขนาด 14 Kg. HWM140-1701R สีขาว,HWM140-1701R,SELLABLE,WM,Top Load,10-14KG
8855671014847,HAIER เครื่องซักผ้า 2 ถัง ขนาด 13 Kg. HWM-T130N สีเทา,HWM-T130N,SELLABLE,WM,Twin Tub,10-14KG
8855671014854,HAIER เครื่องซักผ้า 2 ถัง ขนาด 15 Kg. HWM-T150N สีเทา,HWM-T150N,SELLABLE,WM,Twin Tub,15-19KG
8855671016988,HAIER เครื่องซักผ้าฝาบน 12 KG. HWM120-1701D สีเทา,HWM120-1701D,SELLABLE,WM,Top Load,10-14KG
8855671017015,HAIER เครื่องซักผ้า ฝาหน้า 9 KG. HW90-BP12636S สีเงิน,HW90-BP12636S,SELLABLE,WM,Front Load,↓ 10KG
8855671020749,HAIER เครื่องซักผ้า 2 ถัง กึ่งอัตโนมัติ ขนาด Wash13 kg / Spin10 kg HWM-T130N2,HWM-T130N2,SELLABLE,WM,Twin Tub,10-14KG
8855671021965,HAIER เครื่องซักผ้าฝาบน 14 กก. HWM140-1826T สีขาว,HWM140-1826T,SELLABLE,WM,Top Load,10-14KG
S8855671020749,สินค้าตัวโชว์ HAIER เครื่องซักผ้า 2 ถัง กึ่งอัตโนมัติ ขนาด Wash 13 kg HWM-T130N2,HWM-T130N2,DEMO,WM,Twin Tub,10-14KG
S8855671021965,สินค้าตัวโชว์ HAIER เครื่องซักผ้า ฝาบน 14 กก. HWM140-1826T สีขาว,HWM140-1826T,DEMO,WM,Top Load,10-14KG
S8855671023078,สินค้าตัวโชว์ HAIER เครื่องซักผ้าฝาบน SELF-CLEANING 14กก.  HWM140-1702DS  สีเทา,HWM140-1702DS,DEMO,WM,Top Load,10-14KG
8855671019392,HAIER ตู้เย็น 1 ประตู ขนาด 5.2 คิว  HR-DMB15 CS สีซิลเวอร์,HR-DMB15 CS,SELLABLE,RF,1Dr,↓ 10Q
8855671019408,Haier ตู้เย็น 1 ประตู ขนาด 5.2 คิว รุ่น HR-DMB15 CB สีน้ำเงิน ,HR-DMB15 CB,SELLABLE,RF,1Dr,↓ 10Q
8855671019415,HAIER ตู้เย็น 1 ประตู ขนาด 5.2 คิว HR-DMB15 CC สีช็อคโกแลต,HR-DMB15 CC,SELLABLE,RF,1Dr,↓ 10Q
8855671019422,HAIER ตู้เย็น 1 ประตู ขนาด 5.2 คิว HR-DMB15 CO สีทอง,HR-DMB15 CO,SELLABLE,RF,1Dr,↓ 10Q
8855671019439,HAIER ตู้เย็น 1 ประตู ขนาด 5.2 คิว HR-DMB15 CP สีม่วง,HR-DMB15 CP,SELLABLE,RF,1Dr,↓ 10Q
8855671019446,HAIER ตู้เย็น 1 ประตู ขนาด 6.3 คิว HR-DMB18 CS สีซิลเวอร์,HR-DMB18 CS,SELLABLE,RF,1Dr,↓ 10Q
8855671019453,HAIER ตู้เย็น 1 ประตู ขนาด 6.3 คิว HR-DMB18 CB สีฟ้า,HR-DMB18 CB,SELLABLE,RF,1Dr,↓ 10Q
8855671019460,HAIER ตู้เย็น 1 ประตู ขนาด 6.3 คิว HR-DMB18 CC สีช็อคโกแลต,HR-DMB18 CC,SELLABLE,RF,1Dr,↓ 10Q
8855671019477,HAIER ตู้เย็น 1 ประตู ขนาด 6.3 คิว HR-DMB18 CO สีทอง,HR-DMB18 CO,SELLABLE,RF,1Dr,↓ 10Q
8855671019484,HAIER ตู้เย็น 1 ประตู ขนาด 6.3 คิว HR-DMB18 CP สีม่วง,HR-DMB18 CP,SELLABLE,RF,1Dr,↓ 10Q
6971926010500,HAIER โทรทัศน์ Smart Android TV FHD  43K8000A สีดำ,43K8000A,SELLABLE,TV,FHD,43-50"
6971926010517,HAIER โทรทัศน์ Smart Android TV 4K 50นิ้ว  50K8000UA สีดำ,50K8000UA,SELLABLE,TV,UHD,43-50"
8855671032391,CANDY เครื่องปรับอากาศ Inverter 9200 BTU รุ่น CE-09VPCT สีขาว,CE-09VPCT,ONLINE,AC,Inverter,10KBTU↓
8855671032551,"CANDY เครื่องปรับอากาศ Inverter 12,300 BTU รุ่น CE-12VPCT สีขาว",CE-12VPCT,ONLINE,AC,Inverter,12-13KBTU
8855671033831,"CANDY เครื่องปรับอากาศ Inverter 18,000 BTU รุ่น CE-18VPCT สีขาว",CE-18VPCT,ONLINE,AC,Inverter,18KBTU
8855671027830,CANDY เครื่องปรับอากาศ Fix speed ขนาด 9000 BTU CWP09RA03T สีขาว,CWP09RA03T,SELLABLE,AC,Fix Speed,10KBTU↓
8855671027847,CANDY เครื่องปรับอากาศ Fix speed ขนาด 12000 BTU  CWP12RA03T สีขาว,CWP12RA03T,SELLABLE,AC,Fix Speed,12-13KBTU
8855671027861,CANDY เครื่องปรับอากาศ Inverter ขนาด 9000 BTU  CWVN09RA03T สีขาว,CWVN09RA03T,SELLABLE,AC,Inverter,10KBTU↓
8855671027878,CANDY เครื่องปรับอากาศ Inverter ขนาด 12000 BTU  CWVN12RA03T สีขาว,CWVN12RA03T,SELLABLE,AC,Inverter,12-13KBTU
8855671022729,HAIER เครื่องทำน้ำอุ่น 3500 วัตต์ EI35G1(W) สีขาว,EI35G1(W),SELLABLE,WH,Digital,3500W
8855671015813,HAIER เครื่องทำน้ำอุ่น ขนาด 4500 วัตต์ EI45EH-B สีขาว,EI45EH-B,SELLABLE,WH,Manual,4500W
8855671022767,HAIER เครื่องทำน้ำอุ่น ขนาด 4500 วัตต์ EI45G2 (G) Digital LED สีทอง,EI45G2(G),SELLABLE,WH,Digital,4500W
8855671014199,HAIER เครื่องทำน้ำอุ่น ขนาด 4500 วัตต์ EI45M-B สีขาว,EI45M-B,SELLABLE,WH,Manual,4500W
8855671015820,HAIER เครื่องทำน้ำอุ่น ขนาด 6000 วัตต์ EI60EH-B สีขาว,EI60EH-B,SELLABLE,WH,Digital,6000W
8855671026512,HAIER เครื่องทำน้ำร้อนแบบหม้อต้มความจุน้ำ 80 ลิตร FCD-JTHA80-?(ET)TH สีขาว,FCD-JTHA80-(ET)TH,SELLABLE,WH,Storage,0
6930265384222,HAIER ตู้แช่ 2 ระบบ Low Frost 5.0 คิว FST-208H-2 สีขาว,FST-208H-2,SELLABLE,FZ,Chest,0
8855671008211,HAIER ตู้แช่ฝาทึบ  3.7 คิว/103 ลิตร HCF-108H-2 (WW) สีขาว,HCF-108H-2 WW,SELLABLE,FZ,Chest,↓ 10Q
6930265383997,ตู้แช่2 ระบบ 3.7คิว กระจกขาว HCF-108H-2GFST(WW),HCF-108H-2 WW,SELLABLE,FZ,Chest,↓ 10Q
8855671015783,ตู้แช่ฝาทึบ Haier 9.2 คิว/259 ลิตร สีขาว  รุ่น HCF-328H-2 (N2),HCF-328H-2,SELLABLE,FZ,Chest,0
8855671015097,HAIER ตู้แช่แข็ง ฝาทึบ 9.2 คิว Model HCF-328H-2(N2) สีขาว,HCF-328H-2(N2),SELLABLE,FZ,Chest,0
6971930000000,HAIER โทรทัศน์ Google TV HQLED 4K รุ่น  H75K7UG สีดำ,H75K7UG,SELLABLE,TV,QLED,75" ↑
8855670000000,HAIER เครื่องทำน้ำอุ่น ขนาด 3500 วัตต์ EI35M-B สีขาว,EI35M-B,SELLABLE,WH,Manual,3500W
8859470000000,HAIER ตู้เย็น 2 ประตู Inverter ขนาด 11.8 คิว รุ่น HRF-320MNI สีดำ,HRF-320MNI BK,SELLABLE,RF,2Dr,10-14Q
6976454830941,HAIER Smart TV ขนาด 85นิ้ว รุ่น H85S800UX สีดำ,H85S800UX,SELLABLE,TV,QLED,75" ↑
S6976454830941,สินค้าตัวโชว์ HAIER Smart TV ขนาด 85นิ้ว รุ่น H85S800UX สีดำ,H85S800UX,SELLABLE,TV,QLED,75" ↑
8855671032377,HAIER เครื่องปรับอากาศ Inverter 9200 BTU รุ่น HSU-09VQEC03T สีขาว,HSU-09VQEC03T,SELLABLE,AC,Inverter,10KBTU↓
8855671032537,"Haier เครื่องปรับอากาศ Inverter 12,300 BTU รุ่น HSU-12VQEC03T สีขาว",HSU-12VQEC03T,SELLABLE,AC,Inverter,12-13KBTU
8855671022651,HAIER เตาแก๊สแบบฝังหน้ากระจก 3 หัวเตา HGH-QHA9331 สีดำ,HGH-QHA9331,SELLABLE,KT,Hob,0
8855671022668,HAIER เตาแก๊สแบบฝังหน้ากระจก 2 หัวเตา HGH-QHA932 สีดำ,HGH-QHA932,SELLABLE,KT,Hob,0
8855671028400,Casarte เตาแก๊สแบบฝังหน้ากระจก 2 หัวเตา TCKGH-C5G76 สีดำ,TCKGH-C5G76,SELLABLE,KT,Hob,0
8855671033992,"HAIER เครื่องปรับอากาศ Inverter (UV Cool Voice) ขนาด 12,300 BTU รุ่น HSU-13VRSA05B สีฟ้า",HSU-13VRSA05B,SELLABLE,AC,Inverter,12-13KBTU
8855671034135,HAIER เครื่องปรับอากาศ Premium Inverter ขนาด 12300 BTU รุ่น HSU-12VRRA05 สีขาว,HSU-12VRRA05,SELLABLE,AC,Inverter,12-13KBTU
8855671033114,Haier เครื่องปรับอากาศ Inverter 30700 BTU HSU-30VQAC03T,HSU-30VQAC03T,SELLABLE,AC,Inverter,24KBTU↑
8855671034111,HAIER เครื่องปรับอากาศ Premium Inverter ขนาด 9200 BTU รุ่น HSU-09VRRA05 สีขาว,HSU-09VRRA05,SELLABLE,AC,Inverter,10KBTU↓
8855671030793,"Haier เครื่องปรับอากาศแบบตั้งแขวน Inverter 36,915 BTU รุ่น HCFI-36PSR32 (220V.)",HCFI-36PSR32,SELLABLE,CAC,CEILING,0
8855671033923,HAIER ตู้เย็น 2 ประตู ขนาด 16 คิว รุ่น HRF-460MGI สีขาวกระจก,HRF-460MGI,SELLABLE,RF,2Dr,15-19Q
6976454833409,HAIER LED TV ขนาด 55 นิ้ว รุ่น H55K85FUX สีดำ,H55K85FUX,SELLABLE,TV,UHD,55-58"
8855671034326,HAIER ตู้เย็น 2 ประตู ขนาด 16.7 คิว รุ่น HRF-490IWMGU1 สีน้ำเงินกระจก,HRF-490IWMGU1,SELLABLE,RF,2Dr,15-19Q
6976454833126,HIAER LED TV ขนาด 43 นิ้ว รุ่น H43K85FFX สีดำ ,H43K85FFX,SELLABLE,TV,UHD,43-50"
6976454833102,HAIER LED TV ขนาด 75 นิ้ว รุ่น H75K85FUX สีดำ,H75K85FUX,SELLABLE,TV,UHD,75" ↑
6976454833669,HAIER LED Google TV  ขนาด 32 นิ้ว รุ่น 32H5F สีดำ,32H5F,SELLABLE,TV,FHD,↓ 43"
6976454833201,HAIER LED TV ขนาด 65นิ้ว รุ่น H65K85FUX สีดำ,H65K85FUX,SELLABLE,TV,UHD,65-70"
S6976454833409,สินค้าตัวโชว์ HAIER LED TV ขนาด 55 นิ้ว รุ่น H55K85FUX สีดำ,H55K85FUX,DEMO,TV,UHD,55-58"
S6976454833126,สินค้าตัวโชว์ HIAER LED TV ขนาด 43 นิ้ว รุ่น H43K85FFX สีดำ ,H43K85FFX,DEMO,TV,UHD,43-50"
S6976454833201,สินค้าตัวโชว์ HAIER LED TV ขนาด 65นิ้ว รุ่น H65K85FUX สีดำ,H65K85FUX,DEMO,TV,UHD,65-70"
8855671033459,HAIER ตู้แช่เครื่องดื่ม 2 ประตู ขนาด 26.8 คิว รุ่น SC-768BPCS3  สีดำ,SC-768BPCS3,SELLABLE,FZ,Beverage,20Q ↑
S8935311701570,สินค้าตัวโชว์ HAIER ตู้เย็น 2 ประตู ขนาด 16 คิว รุ่น HRF-460MNI  สีสแตนเลส,HRF-460MNI,DEMO,RF,2Dr,15-19Q
8935311701570,HAIER ตู้เย็น 2 ประตู ขนาด 16 คิว รุ่น HRF-460MNI  สีสแตนเลส,HRF-460MNI,SELLABLE,RF,2Dr,15-19Q
6976454833393,HIAER LED TV ขนาด 50 นิ้ว รุ่น H50K85FUX สีดำ,H50K85FUX,SELLABLE,TV,UHD,43-50"
S8855671030229,สินค้าตัวโชว์ HAIER ตู้แช่เครื่องดื่ม 1 ประตู 11.3 คิว SC-340BC-V4 สีขาว,SC-340BC-V4,DEMO,FZ,Beverage,10-14.9Q
S6976454833669,สินค้าตัวโชว์ HAIER LED Google TV  ขนาด 32 นิ้ว รุ่น 32H5F สีดำ,32H5F,DEMO,TV,FHD,↓ 43"
8855671031462,HAIER เครื่องซักผ้า ฝาหน้า 13/8 กก. รุ่น HWD130-BP14959S8,HWD130-BP14959S8,SELLABLE,WM,FL Wash&Dry,10-14KG
8855671033756,HAIER ตู้แช่ 2 ประตู SC-1700PCS2-LED-V5 36 คิว สีขาว,SC-1700PCS2-V5,SELLABLE,FZ,Beverage,20Q ↑
8859474604847,HAIER ตู้เย็น Side By Side Inverter ขนาด 21.7 คิว รุ่น HRF-SBS569MS CB สีน้ำเงินคราม,HRF-SBS569MS CB,SELLABLE,RF,SBS,20Q ↑
S8859474604847,สินค้าตัวโชว์ HAIER ตู้เย็น Side By Side Inverter ขนาด 21.7 คิว รุ่น HRF-SBS569MS CB สีน้ำเงินคราม,HRF-SBS569MS CB,DEMO,RF,SBS,20Q ↑
8855671031851,HAIER เครื่องทำน้ำอุ่น ขนาด 3500 วัตต์ รุ่น EI35M-B1WO(TH) สีขาว,EI35M-B1WO(TH),SELLABLE,WH,Manual,3500W
8855671031868,HAIER เครื่องทำน้ำอุ่น ขนาด 4500 วัตต์ รุ่น EI45M-B1WO(TH) สีขาว,EI45M-B1WO(TH),SELLABLE,WH,Manual,4500W
8859474604908,HAIER ตู้เย็น MULTI DOOR รุ่น HRF-MD539GBT ขนาด 18.7 คิว สีกระจกดำ,HRF-MD539GBT,SELLABLE,RF,Multi Dr,15-19Q
8855671034036,"HAIER เครื่องปรับอากาศ Inverter (UV Cool Voice) ขนาด 18,200 BTU รุ่น HSU-18VRSA05P สีชมพู",HSU-18VRSA05P,SELLABLE,AC,Inverter,18KBTU
6930265303957,HAIER ตู้แช่แนวตั้ง 2 ระบบ BD-276B 9.7 คิว สีดำ,BD-276B,SELLABLE,FZ,Vertical,↓ 10Q
S6976454833102,สินค้าตัวโชว์ HAIER LED TV ขนาด 75 นิ้ว รุ่น H75K85FUX สีดำ,H75K85FUX,DEMO,TV,UHD,75" ↑
6930265307634,HAIER ตู้แช่เครื่องดื่ม 2 ประตู ขนาด 22.1 คิว รุ่น SC-652BPC สีดำ,SC-652BPC,SELLABLE,FZ,Beverage,20Q ↑
S8859474603604,สินค้าตัวโชว์ HAIER ตู้เย็น 1 ประตู ขนาด 6.6Q รุ่น HR-SD199F CS สีซิลเวอร์,HR-SD199F CS,DEMO,RF,1Dr,↓ 10Q
S8855671027281,สินค้าตัวโชว์ HAIER ตู้แช่ฝาทึบ ขนาด 13.4 คิว รุ่น HCF-428DP สีขาว,HCF-428DP,DEMO,FZ,Chest,10-14.9Q
S8855671033459,สินค้าตัวโชว์ HAIER ตู้แช่เครื่องดื่ม 2 ประตู ขนาด 26.8 คิว รุ่น SC-768BPCS3  สีดำ,SC-768BPCS3,DEMO,FZ,Beverage,20Q ↑
S6930265307634,สินค้าตัวโชว์ HAIER ตู้แช่เครื่องดื่ม 2 ประตู ขนาด 22.1 คิว รุ่น SC-652BPC สีดำ,SC-652BPC,DEMO,FZ,Beverage,20Q ↑
S8855671034326,สินค้าตัวโชว์ HAIER ตู้เย็น 2 ประตู ขนาด 16.7 คิว รุ่น HRF-490IWMGU1 สีน้ำเงินกระจก,HRF-490IWMGU1,DEMO,RF,2Dr,15-19Q
8855671024285,Haier เครื่องปรับอากาศสี่ทิศทาง ขนาด 48000 BTU รุ่น HCSI-48BTR32 (380v.) สีขาว,HCSI-48BTR32,SELLABLE,CAC,CASSETTE,0
8855671028523,HAIER ตู้แช่เครื่องดื่ม 3 ประตู ขนาด 53 คิว รุ่น SC-1080VC3  สีขาว,SC-1080VC3,SELLABLE,FZ,Beverage,20Q ↑
8855671033909,HAIER เครื่องทำน้ำอุ่น Copper Tank ขนาด 4500 วัตต์ รุ่น EI45M-J1CW-F(TH) สีขาว,EI45M-J1CW-F(TH),SELLABLE,WH,Manual,4500W
8855671033893,HAIER เครื่องทำน้ำอุ่น Copper Tank ขนาด 3500 วัตต์ รุ่น EI35M-J1CW-F(TH) สีขาว,EI35M-J1CW-F(TH),SELLABLE,WH,Manual,3500W
8935311701587,HAIER ตู้เย็น 2 ประตู HRF-490MNI ขนาด 16.7 คิว สีสแตนเลส,HRF-490MNI,SELLABLE,RF,2Dr,15-19Q
S8855671025065,สินค้าตัวโชว์ HAIER เครื่องซักผ้า/อบผ้า ฝาหน้า (10/6 Kg) รุ่น HWD100-BP14959S8,HWD100-BP14959S8,DEMO,WM,FL Wash&Dry,10-14KG
S6976454833393,สินค้าตัวโชว์ HIAER LED TV ขนาด 50 นิ้ว รุ่น H50K85FUX สีดำ,H50K85FUX,DEMO,TV,UHD,43-50"
S8855671031783,สินค้าตัวโชว์ HAIER ตู้เย็นมินิบาร์ ขนาด 3.1 คิว รุ่น HR-SD95 สีดำ,HR-SD95,DEMO,RF,1Dr,↓ 10Q
S8855671030342,สินค้าตัวโชว์ HAIER ตู้เย็นมินิบาร์ 1.4 คิว รุ่น HR-SD55 สีดำ,HR-SD55,DEMO,RF,1Dr,↓ 10Q
8855671034098,"HAIER เครื่องปรับอากาศ Inverter UV Cool Deluxe ขนาด 18,200 BTU รุ่น HSU-18VRWA05 สีขาว",HSU-18VRWA05,SELLABLE,AC,Inverter,18KBTU
8855671031448,HAIER เครื่องซักผ้าฝาบน ขนาด 8 กก.รุ่น  HWM80-316S6 สีดำ,HWM80-316S6,SELLABLE,WM,Top Load,↓ 10KG
S8855671020763,สินค้าตัวโชว์ HAIER เครื่องซักผ้า 2 ถัง ขนาด 20 กก. รุ่น  HWM-T200N2 สีขาว,HWM-T200N2,DEMO,WM,Twin Tub,20KG ↑
S6901570002040,สินค้าตัวโชว์ HAIER เครื่องซักผ้าฝาบน ขนาด 20 กก. รุ่น  HWM200-B1678ES8 สีดำ,HWM200-B1678ES8,DEMO,WM,Top Load,20KG ↑
S8855671034432,สินค้าตัวโชว์ HAIER เครื่องซักผ้าฝาหน้า ขนาด 14 กก. รุ่น HW140-BP14367S8U1 สีดำ,HW140-BP14367S8U1,DEMO,WM,Front Load,10-14KG
6901570002040,HAIER เครื่องซักผ้าฝาบน ขนาด 20 กก. รุ่น  HWM200-B1678ES8 สีดำ,HWM200-B1678ES8,SELLABLE,WM,Top Load,20KG ↑
8855671034432,HAIER เครื่องซักผ้าฝาหน้า ขนาด 14 กก. รุ่น HW140-BP14367S8U1 สีดำ,HW140-BP14367S8U1,SELLABLE,WM,Front Load,10-14KG
8855671020763,HAIER เครื่องซักผ้า 2 ถัง ขนาด 20 กก. รุ่น  HWM-T200N2 สีขาว,HWM-T200N2,SELLABLE,WM,Twin Tub,20KG ↑
8855671029988,Haier เครื่องซักผ้าฝาบน ขนาด 10กก. รุ่น HWM100-316S6 สีดำ,HWM100-316S6,SELLABLE,WM,Top Load,10-14KG
8855671034418,HAIER เครื่องซักผ้าฝาหน้า ขนาด 12 กก. รุ่น HW120-BP14367S8U1 สีดำ,HW120-BP14367S8U1,SELLABLE,WM,Front Load,10-14KG
S8855671034418,สินค้าตัวโชว์ HAIER เครื่องซักผ้าฝาหน้า ขนาด 12 กก. รุ่น HW120-BP14367S8U1 สีดำ,HW120-BP14367S8U1,DEMO,WM,Front Load,10-14KG
6901018052644,HAIER ตู้เย็น SIDE BY SIDE 21.8 คิว HRF-SBS636IWSLBU1 สีดำ ,HRF-SBS636IW(SLB)U1,SELLABLE,RF,SBS,20Q ↑
8855671034661,HAIER เครื่องอบผ้าฝาหน้า ขนาด 14 กก. รุ่น HD140-AR367S8U1 สีดำ,HD140-AR367S8U1,SELLABLE,WM,Dryer,10-14KG
8855671034425,HAIER เครื่องซักผ้า/อบผ้า ขนาด 14/8 กก. รุ่น HWD140-BP14367S8U1 สีดำ,HWD140-BP14367S8U1,SELLABLE,WM,FL Wash&Dry,10-14KG
8855671030694,"HAIER เครื่องปรับอากาศ แบบสี่ทิศทาง Inverter 220v. ขนาด 30,800 BTU รุ่น HCSI-30PSR32 สีขาว",HCSI-30PSR32,SELLABLE,CAC,CASSETTE,0
6930265309768,HAIER ตู้แช่ 2 ระบบ ขนาด 24.9 คิว รุ่น HCF-728DPV2  สีขาว,HCF-728DPV2,SELLABLE,FZ,Chest,20Q ↑
6930265311068,HAIER ตู้แช่ 2 ระบบ 17.7 คิว รุ่น HCF-568DPV2  สีขาว,HCF-568DPV2,SELLABLE,FZ,Chest,15-19.9Q
8855671033428,"HAIER เครื่องปรับอากาศ Inverter 18,000 BTU รุ่น HSU-18VQEC03T สีขาว",HSU-18VQEC03T,SELLABLE,AC,Inverter,18KBTU
8855671034678,HAIER เครื่องอบผ้าฝาหน้า ขนาด 10 กก. รุ่น HD100-A357S8 สีดำ,HD100-A357S8,SELLABLE,WM,Dryer,10-14KG
S8855671034425,สินค้าตัวโชว์ HAIER เครื่องซักผ้า/อบผ้า ขนาด 14/8 กก. รุ่น HWD140-BP14367S8U1 สีดำ,HWD140-BP14367S8U1,DEMO,WM,FL Wash&Dry,10-14KG
8855671034050,"HAIER เครื่องปรับอากาศ Inverter (UV Cool Voice) ขนาด 18,200 BTU รุ่น HSU-18VRSA05B สีฟ้า",HSU-18VRSA05B,SELLABLE,AC,Inverter,18KBTU
8855671035033,"HAIER เครื่องปรับอากาศ Inverter ขนาด 12,300 BTU รุ่น HSU-12VQRC05 สีขาว",HSU-12VQRC05,SELLABLE,AC,Inverter,12-13KBTU
S8855671034678,สินค้าตัวโชว์ HAIER เครื่องอบผ้าฝาหน้า ขนาด 10 กก. รุ่น HD100-A357S8 สีดำ,HD100-A357S8,DEMO,WM,Dryer,10-14KG
8855671035620,"HAIER เครื่องปรับอากาศ Inverter ขนาด 12,300 BTU รุ่น HSU-12VQEC05 สีขาว",HSU-12VQEC05,SELLABLE,AC,Inverter,12-13KBTU
S8855671035446,สินค้าตัวโชว์ HAIER เครื่องซักผ้าฝาหน้า 3 ถัง ขนาด 14kg รุ่น HW140-BD14697WU1 สีขาว,HW140-BD14697WU1,SELLABLE,WM,Front Load,10-14KG
8855671034708,"HAIER เครื่องปรับอากาศ Inverter ขนาด 12,300 BTU รุ่น HSU-12VRRA05BF สีขาว",HSU-12VRRA05BF,SELLABLE,AC,Inverter,12-13KBTU
8855671034982,"HAIER เครื่องปรับอากาศ Inverter ขนาด 9,200 BTU รุ่น HSU-09VRRA05SBF สีขาว",HSU-09VRRA05SBF,SELLABLE,AC,Inverter,10KBTU↓
8855671034999,"HAIER เครื่องปรับอากาศ Inverter ขนาด 18,000 BTU รุ่น HSU-18VRRA05BF สีขาว",HSU-18VRRA05BF,SELLABLE,AC,Inverter,18KBTU
8855671035644,"HAIER เครื่องปรับอากาศ Inverter ขนาด 18,200 BTU รุ่น HSU-18VQEC05 สีขาว",HSU-18VQEC05,SELLABLE,AC,Inverter,18KBTU
8855671035569,"HAIER เครื่องปรับอากาศ Inverter ขนาด 24,200 BTU รุ่น HSU-24VRRA05BF สีขาว",HSU-24VRRA05BF,SELLABLE,AC,Inverter,24KBTU↑
8855671035446,HAIER เครื่องซักผ้าฝาหน้า 3 ถัง ขนาด 14kg รุ่น HW140-BD14697WU1 สีขาว,HW140-BD14697WU1,SELLABLE,WM,Front Load,10-14KG
8855671035026,"HAIER เครื่องปรับอากาศ Inverter ขนาด 9,200 BTU รุ่น HSU-09VQRC05 สีขาว",HSU-09VQRC05,SELLABLE,AC,Inverter,10KBTU↓
8855671035057,"HAIER เครื่องปรับอากาศ Inverter ขนาด 18,000 BTU รุ่น HSU-18VQRC05 สีขาว",HSU-18VQRC05,SELLABLE,AC,Inverter,18KBTU
8855671035583,"HAIER เครื่องปรับอากาศ Inverter ขนาด 24,000 BTU รุ่น HSU-24VQRC05 สีขาว",HSU-24VQRC05,SELLABLE,AC,Inverter,24KBTU↑
8855671035354,"HAIER เครื่องปรับอากาศ Inverter ขนาด 30,700 BTU รุ่น HSU-30VQAC03T สีขาว",HSU-30VQAC03T(PIPE_IN),SELLABLE,AC,Inverter,24KBTU↑
8855671035507,"HAIER เครื่องปรับอากาศ Inverter ขนาด 18,200 BTU รุ่น HSU-18VRSA05SBF สีเงิน",HSU-18VRSA05SBF,SELLABLE,AC,Inverter,18KBTU
8855671035460,"HAIER เครื่องปรับอากาศ Inverter ขนาด 12,300 BTU รุ่น HSU-13VRSA05BBF สีฟ้า",HSU-13VRSA05BBF,SELLABLE,AC,Inverter,12-13KBTU
8855671035668,"HAIER เครื่องปรับอากาศ Inverter ขนาด 9,000 BTU รุ่น HSU-09VQEC05 สีขาว",HSU-09VQEC05,SELLABLE,AC,Inverter,10KBTU↓
6901018097454,HAIER ตู้เย็น MULTI DOOR HRF-FD529I(MLW)GU1 18 คิว สีขาวครีม,HRF-FD529I(MLW)GU1,SELLABLE,RF,Multi Dr,15-19Q
S8855671035941,สินค้าตัวโชว์ HAIER เครื่องซักผ้า/อบผ้า 10/6Kg รุ่น HWD100-BP12357S8 สีดำ,HWD100-BP12357S8,SELLABLE,WM,FL Wash&Dry,10-14KG
6930265310870,HAIER ตู้แช่ 2 ระบบ 14.8 คิว รุ่น HCF-478DPV2 คิว สีขาว,HCF-478DPV2,SELLABLE,FZ,Chest,10-14.9Q
S6930265310870,สินค้าตัวโชว์ HAIER ตู้แช่ 2 ระบบ 14.8 คิว รุ่น HCF-478DPV2 คิว สีขาว,HCF-478DPV2,DEMO,FZ,Chest,10-14.9Q
8855671035293,"HAIER แอร์ตั้งพื้น Inverter ขนาด 24,500 BTU All Comfort Series รุ่น HPU-24FSE03T สีทอง",HPU-24FSE03T,SELLABLE,AC,Floor Standing,24KBTU↑
S8855671033923,สินค้าตัวโชว์ HAIER ตู้เย็น 2 ประตู ขนาด 16 คิว รุ่น HRF-460MGI สีขาวกระจก,HRF-460MGI,SELLABLE,RF,2Dr,15-19Q
8855671035682,"HAIER เครื่องปรับอากาศ Inverter ขนาด 24,000 BTU รุ่น HSU-24VQEC05 สีขาว",HSU-24VQEC05,SELLABLE,AC,Inverter,24KBTU↑
8855671030960,HAIER เครื่องทำน้ำอุ่น Digital Copper Tank ขนาด 3500 วัตต์ รุ่น EI35E-F3CS(TH) สีดำ,EI35E-F3CS(TH),SELLABLE,WH,Digital,3500W
8855671030977,HAIER เครื่องทำน้ำอุ่น Digital Copper Tank ขนาด 4500 วัตต์ รุ่น EI45E-F3CS(TH) สีดำ,EI45E-F3CS(TH),SELLABLE,WH,Digital,4500W
8855671026079,HAIER ตู้แช่เครื่องดื่ม 1 ประตู ขนาด 8.4 คิว รุ่น SC-240BC-V3 สีขาว,SC-240BC-V3,SELLABLE,FZ,Beverage,↓ 10Q
S8855671034661,สินค้าตัวโชว์ HAIER เครื่องอบผ้าฝาหน้า ขนาด 14 กก. รุ่น HD140-AR367S8U1 สีดำ,HD140-AR367S8U1,DEMO,WM,Dryer,10-14KG
8855671034487,HAIER ตู้กดน้ำเย็น-น้ำร้อน-น้ำธรรมดา (ถังบน) รุ่น HDC-TB3B1W-TH สีขาว,HDC-TB3B1W-TH,SELLABLE,WH,Water Dispenser,0
8855671034340,HAIER ตู้กดน้ำเย็น-น้ำร้อน-น้ำธรรมดา (ถังล่าง) รุ่น HDC-BB3A1B-TH สีดำ,HDC-BB3A1B-TH,SELLABLE,WH,Water Dispenser,0
S8855671034487,สินค้าตัวโชว์ HAIER ตู้กดน้ำเย็น-น้ำร้อน-น้ำธรรมดา (ถังบน) รุ่น HDC-TB3B1W-TH สีขาว,HDC-TB3B1W-TH,DEMO,WH,Water Dispenser,0
S8855671034340,สินค้าตัวโชว์ HAIER ตู้กดน้ำเย็น-น้ำร้อน-น้ำธรรมดา (ถังล่าง) รุ่น HDC-BB3A1B-TH สีดำ,HDC-BB3A1B-TH,DEMO,WH,Water Dispenser,0
S6976454835137,สินค้าตัวโชว์ HAIER Smart TV QLED ขนาด 55 นิ้ว รุ่น H55S80GUX สีดำ,H55S80GUX,DEMO,TV,QLED,55-58"
S6976454835144,สินค้าตัวโชว์ HAIER Smart TV QLED ขนาด 65 นิ้ว รุ่น H65S80GUX สีดำ,H65S80GUX,DEMO,TV,QLED,65-70"
S6976454837124,สินค้าตัวโชว์ HAIER LED TV 4K ขนาด 65นิ้ว รุ่น H65K85GUX สีดำ,H65K85GUX,DEMO,TV,UHD,65-70"
S6976454837131,สินค้าตัวโชว์ HAIER LED 4K TV ขนาด 55 นิ้ว รุ่น H55K85GUX สีดำ,H55K85GUX,DEMO,TV,UHD,55-58"
S8855671026079,สินค้าตัวโชว์ HAIER ตู้แช่เครื่องดื่ม 1 ประตู 8.4 คิว SC-240BC-V3  สีขาว,SC-240BC-V3,DEMO,FZ,Beverage,↓ 10Q
6976454836288,HAIER LED Digital TV ขนาด 32 นิ้ว รุ่น H32K70G สีดำ,H32K70G,SELLABLE,TV,UHD,↓ 43"
6976454836172,HAIER Smart TV QLED ขนาด 43 นิ้ว รุ่น H43S70GFX สีดำ,H43S70GFX,SELLABLE,TV,FHD,43-50"
6976454837124,HAIER LED TV 4K ขนาด 65นิ้ว รุ่น H65K85GUX สีดำ,H65K85GUX,SELLABLE,TV,UHD,65-70"
6976454837131,HAIER LED 4K TV ขนาด 55 นิ้ว รุ่น H55K85GUX สีดำ,H55K85GUX,SELLABLE,TV,UHD,55-58"
6976454835137,HAIER Smart TV QLED ขนาด 55 นิ้ว รุ่น H55S80GUX สีดำ,H55S80GUX,SELLABLE,TV,QLED,55-58"
6976454835151,HAIER LED TV 4K ขนาด 75 นิ้ว รุ่น H75K85GUX สีดำ,H75K85GUX,SELLABLE,TV,UHD,75" ↑
S6976454835151,สินค้าตัวโชว์ HAIER LED TV 4K ขนาด 75 นิ้ว รุ่น H75K85GUX สีดำ,H75K85GUX,DEMO,TV,UHD,75" ↑
S8855671028523,สินค้าตัวโชว์ HAIER ตู้แช่เครื่องดื่ม 3 ประตู ขนาด 53 คิว รุ่น SC-1080VC3  สีขาว,SC-1080VC3,DEMO,FZ,Beverage,20Q ↑
S6976454836288,สินค้าตัวโชว์ HAIER LED Digital TV ขนาด 32 นิ้ว รุ่น H32K70G สีดำ,H32K70G,DEMO,TV,UHD,↓ 43"
S6976454836172,สินค้าตัวโชว์ HAIER Smart TV QLED ขนาด 43 นิ้ว รุ่น H43S70GFX สีดำ,H43S70GFX,DEMO,TV,FHD,43-50"
8935311702140,HAIER ตู้เย็น 2 ประตู ขนาด 16 คิว รุ่น HRF-455MNI สีดำ,HRF-455MNI,SELLABLE,RF,2DR,15-19.9Q
S8935311702140,สินค้าตัวโชว์ HAIER ตู้เย็น 2 ประตู ขนาด 16 คิว รุ่น HRF-455MNI สีดำ,HRF-455MNI,DEMO,RF,2DR,15-19.9Q
8855671035965,HAIER เครื่องซักผ้าฝาหน้า ขนาด 12kg รุ่น HW120-BP12357S8 สีดำ,HW120-BP12357S8,SELLABLE,WM,Front Load,10-14KG
6976454835144,HAIER Smart TV QLED ขนาด 65 นิ้ว รุ่น H65S80GUX สีดำ,H65S80GUX,SELLABLE,TV,QLED,65-70"
6976454836189,HAIER Smart TV QLED ขนาด 32 นิ้ว รุ่น H32S70GFX สีดำ,H65S80GUX,SELLABLE,TV,QLED,65-70"
6930265326451,HAIER ตู้แช่เครื่องดื่ม Ice Bar LC-90 3.2 คิว สีดำ,LC-90,SELLABLE,FZ,Wine,3.2Q
S8855671035965,สินค้าตัวโชว์ HAIER เครื่องซักผ้าฝาหน้า ขนาด 12kg รุ่น HW120-BP12357S8 สีดำ,HW120-BP12357S8,DEMO,WM,Front Load,10-14KG
S6976454836189,สินค้าตัวโชว์ HAIER Smart TV QLED ขนาด 32 นิ้ว รุ่น H32S70GFX สีดำ,H32S70GFX,DEMO,TV,FHD,↓ 43"
S6930265311068,สินค้าตัวโชว์ HAIER ตู้แช่ 2 ระบบ 17.7 คิว รุ่น HCF-568DPV2  สีขาว,HCF-568DPV2,DEMO,FZ,Chest,15-19.9Q
S6930265309768,สินค้าตัวโชว์ HAIER ตู้แช่ 2 ระบบ ขนาด 24.9 คิว รุ่น HCF-728DPV2  สีขาว,HCF-728DPV2,DEMO,FZ,Chest,20Q ↑
S6930265326451,สินค้าตัวโชว์ HAIER ตู้แช่เครื่องดื่ม Ice Bar LC-90 3.2 คิว สีดำ,LC-90,DEMO,FZ,Wine,3.2Q
6930265304985,HAIER ตู้แช่เครื่องดื่ม 1 ประตู 11.3 คิว รุ่น SC-340M สีขาว,SC-340M,SELLABLE,FZ,Beverage,10-14.9Q
S6930265304985,สินค้าตัวโชว์ HAIER ตู้แช่เครื่องดื่ม 1 ประตู 11.3 คิว รุ่น SC-340M สีขาว,SC-340M,DEMO,FZ,Beverage,10-14.9Q
S8855671035934,สินค้าตัวโชว์ HAIER เครื่องซักผ้าฝาหน้า ขนาด 9kg รุ่น HW90-BP12357S8 สีดำ,HW90-BP12357S8,DEMO,WM,Front Load,10-14KG
S6901018052644,สินค้าตัวโชว์ HAIER ตู้เย็น SIDE BY SIDE 21.8 คิว HRF-SBS636IWSLBU1 สีดำ ,HRF-SBS636IW(SLB)U1,DEMO,RF,SBS,20Q ↑
S8859474604908,สินค้าตัวโชว์ HAIER ตู้เย็น MULTI DOOR รุ่น HRF-MD539GBT ขนาด 18.7 คิว สีกระจกดำ,HRF-MD539GBT,DEMO,RF,Multi Dr,15-19Q
8855671035941,HAIER เครื่องซักผ้า/อบผ้า 10/6Kg รุ่น HWD100-BP12357S8 สีดำ,HWD100-BP12357S8,SELLABLE,WM,FL Wash&Dry,10-14KG
S8855671034388,สินค้าตัวโชว์ HAIER เครื่องซักผ้า/อบผ้า ขนาด 14/13 กก. รุ่น HWD140-BD14LCGNU1 สีดำ,HWD140-BD14LCGNU1,DEMO,WM,FL Wash&Dry,10-14KG
S8855671035958,สินค้าตัวโชว์ HAIER เครื่องซักผ้าฝาหน้า ขนาด 10kg  รุ่น  HW100-BP12357S8 สีดำ,HW100-BP12357S8,DEMO,WM,Front Load,10-14KG
S8855671027335,สินค้าตัวโชว์ HAIER ตู้แช่แข็งฝากระจกโค้ง 12.9 คิว HAIER SD-517DP สีขาว,SD-517DP,DEMO,FZ,Glass,10-14.9Q
S6930265329001,สินค้าตัวโชว์ HAIER ตู้แช่ฝาทึบ 2 ระบบ ขนาด 7.1 คิว รุ่น HCF-200GLF สีเทา,HCF-200GLF,DEMO,FZ,Chest,↓ 10Q
8855671036887,HAIER ตู้แช่เครื่องดื่ม 2 ประตู SC-781WSC ขนาด 27.6 คิว สีขาว,SC-781WSC,SELLABLE,FZ,Beverage,20Q ↑
S8855671036887,สินค้าตัวโชว์ HAIER ตู้แช่เครื่องดื่ม 2 ประตู SC-781WSC ขนาด 27.6 คิว สีขาว,SC-781WSC,DEMO,FZ,Beverage,20Q ↑
S8859474603598,สินค้าตัวโชว์ HAIER ตู้เย็น 1 ประตู ขนาด 5.3Q รุ่น HR-SD159F CS สีซิลเวอร์,HR-SD159F CS,DEMO,RF,1Dr,↓ 10Q
8855671034654,HAIER เครื่องซักผ้าฝาบน ขนาด 20 กก. รุ่น  HWM200-B2158B สีดำ,HWM200-B2158B,SELLABLE,WM,Top Load,20KG ↑
S8855671034654,สินค้าตัวโชว์ HAIER เครื่องซักผ้าฝาบน ขนาด 20 กก. รุ่น  HWM200-B2158B สีดำ,HWM200-B2158B,DEMO,WM,Top Load,20KG ↑
